160222,EB,12,2017-06-20 00:15:00
160222,WB,13,2017-06-20 00:15:00
105505,NB,9,2017-06-20 00:15:00
105505,SB,1,2017-06-20 00:15:00
10855,EB,14,2017-06-20 00:15:00
10855,WB,5,2017-06-20 00:15:00
11787,NB,6,2017-06-20 00:15:00
11787,SB,2,2017-06-20 00:15:00
160346,EB,3,2017-06-20 00:15:00
160344,WB,6,2017-06-20 00:15:00
160222,EB,6,2017-06-20 00:30:00
160222,WB,14,2017-06-20 00:30:00
105505,NB,3,2017-06-20 00:30:00
105505,SB,3,2017-06-20 00:30:00
10855,EB,12,2017-06-20 00:30:00
10855,WB,6,2017-06-20 00:30:00
11787,NB,4,2017-06-20 00:30:00
11787,SB,4,2017-06-20 00:30:00
160346,EB,2,2017-06-20 00:30:00
160344,WB,6,2017-06-20 00:30:00
160222,EB,8,2017-06-20 00:45:00
160222,WB,12,2017-06-20 00:45:00
105505,NB,2,2017-06-20 00:45:00
105505,SB,2,2017-06-20 00:45:00
10855,EB,7,2017-06-20 00:45:00
10855,WB,2,2017-06-20 00:45:00
11787,NB,5,2017-06-20 00:45:00
11787,SB,0,2017-06-20 00:45:00
160346,EB,2,2017-06-20 00:45:00
160344,WB,5,2017-06-20 00:45:00
160222,EB,5,2017-06-20 01:00:00
160222,WB,4,2017-06-20 01:00:00
105505,NB,4,2017-06-20 01:00:00
105505,SB,3,2017-06-20 01:00:00
10855,EB,10,2017-06-20 01:00:00
10855,WB,1,2017-06-20 01:00:00
11787,NB,4,2017-06-20 01:00:00
11787,SB,3,2017-06-20 01:00:00
160346,EB,2,2017-06-20 01:00:00
160344,WB,11,2017-06-20 01:00:00
160222,EB,3,2017-06-20 01:15:00
160222,WB,5,2017-06-20 01:15:00
105505,NB,4,2017-06-20 01:15:00
105505,SB,5,2017-06-20 01:15:00
10855,EB,7,2017-06-20 01:15:00
10855,WB,5,2017-06-20 01:15:00
11787,NB,1,2017-06-20 01:15:00
11787,SB,1,2017-06-20 01:15:00
160346,EB,3,2017-06-20 01:15:00
160344,WB,4,2017-06-20 01:15:00
160222,EB,4,2017-06-20 01:30:00
160222,WB,5,2017-06-20 01:30:00
105505,NB,0,2017-06-20 01:30:00
105505,SB,2,2017-06-20 01:30:00
10855,EB,5,2017-06-20 01:30:00
10855,WB,2,2017-06-20 01:30:00
11787,NB,1,2017-06-20 01:30:00
11787,SB,1,2017-06-20 01:30:00
160346,EB,1,2017-06-20 01:30:00
160344,WB,7,2017-06-20 01:30:00
160222,EB,1,2017-06-20 01:45:00
160222,WB,2,2017-06-20 01:45:00
105505,NB,3,2017-06-20 01:45:00
105505,SB,0,2017-06-20 01:45:00
10855,EB,7,2017-06-20 01:45:00
10855,WB,6,2017-06-20 01:45:00
11787,NB,2,2017-06-20 01:45:00
11787,SB,0,2017-06-20 01:45:00
160346,EB,2,2017-06-20 01:45:00
160344,WB,2,2017-06-20 01:45:00
160222,EB,4,2017-06-20 02:00:00
160222,WB,2,2017-06-20 02:00:00
105505,NB,2,2017-06-20 02:00:00
105505,SB,1,2017-06-20 02:00:00
10855,EB,2,2017-06-20 02:00:00
10855,WB,3,2017-06-20 02:00:00
11787,NB,1,2017-06-20 02:00:00
11787,SB,1,2017-06-20 02:00:00
160346,EB,3,2017-06-20 02:00:00
160344,WB,4,2017-06-20 02:00:00
160222,EB,2,2017-06-20 02:15:00
160222,WB,3,2017-06-20 02:15:00
105505,NB,3,2017-06-20 02:15:00
105505,SB,3,2017-06-20 02:15:00
10855,EB,0,2017-06-20 02:15:00
10855,WB,2,2017-06-20 02:15:00
11787,NB,1,2017-06-20 02:15:00
11787,SB,0,2017-06-20 02:15:00
160346,EB,0,2017-06-20 02:15:00
160344,WB,2,2017-06-20 02:15:00
160222,EB,1,2017-06-20 02:30:00
160222,WB,0,2017-06-20 02:30:00
105505,NB,2,2017-06-20 02:30:00
105505,SB,3,2017-06-20 02:30:00
10855,EB,3,2017-06-20 02:30:00
10855,WB,2,2017-06-20 02:30:00
11787,NB,0,2017-06-20 02:30:00
11787,SB,0,2017-06-20 02:30:00
160346,EB,0,2017-06-20 02:30:00
160344,WB,4,2017-06-20 02:30:00
160222,EB,0,2017-06-20 02:45:00
160222,WB,2,2017-06-20 02:45:00
105505,NB,1,2017-06-20 02:45:00
105505,SB,1,2017-06-20 02:45:00
10855,EB,4,2017-06-20 02:45:00
10855,WB,2,2017-06-20 02:45:00
11787,NB,2,2017-06-20 02:45:00
11787,SB,0,2017-06-20 02:45:00
160346,EB,2,2017-06-20 02:45:00
160344,WB,3,2017-06-20 02:45:00
160222,EB,3,2017-06-20 03:00:00
160222,WB,2,2017-06-20 03:00:00
105505,NB,1,2017-06-20 03:00:00
105505,SB,0,2017-06-20 03:00:00
10855,EB,4,2017-06-20 03:00:00
10855,WB,2,2017-06-20 03:00:00
11787,NB,1,2017-06-20 03:00:00
11787,SB,0,2017-06-20 03:00:00
160346,EB,1,2017-06-20 03:00:00
160344,WB,0,2017-06-20 03:00:00
160222,EB,1,2017-06-20 03:15:00
160222,WB,1,2017-06-20 03:15:00
105505,NB,0,2017-06-20 03:15:00
105505,SB,0,2017-06-20 03:15:00
10855,EB,2,2017-06-20 03:15:00
10855,WB,1,2017-06-20 03:15:00
11787,NB,3,2017-06-20 03:15:00
11787,SB,5,2017-06-20 03:15:00
160346,EB,2,2017-06-20 03:15:00
160344,WB,2,2017-06-20 03:15:00
160222,EB,4,2017-06-20 03:30:00
160222,WB,2,2017-06-20 03:30:00
105505,NB,2,2017-06-20 03:30:00
105505,SB,0,2017-06-20 03:30:00
10855,EB,2,2017-06-20 03:30:00
10855,WB,4,2017-06-20 03:30:00
11787,NB,0,2017-06-20 03:30:00
11787,SB,0,2017-06-20 03:30:00
160346,EB,3,2017-06-20 03:30:00
160344,WB,7,2017-06-20 03:30:00
160222,EB,8,2017-06-20 03:45:00
160222,WB,3,2017-06-20 03:45:00
105505,NB,1,2017-06-20 03:45:00
105505,SB,0,2017-06-20 03:45:00
10855,EB,0,2017-06-20 03:45:00
10855,WB,7,2017-06-20 03:45:00
11787,NB,0,2017-06-20 03:45:00
11787,SB,0,2017-06-20 03:45:00
160346,EB,0,2017-06-20 03:45:00
160344,WB,2,2017-06-20 03:45:00
160222,EB,2,2017-06-20 04:00:00
160222,WB,4,2017-06-20 04:00:00
105505,NB,2,2017-06-20 04:00:00
105505,SB,1,2017-06-20 04:00:00
10855,EB,5,2017-06-20 04:00:00
10855,WB,2,2017-06-20 04:00:00
11787,NB,0,2017-06-20 04:00:00
11787,SB,0,2017-06-20 04:00:00
160346,EB,1,2017-06-20 04:00:00
160344,WB,6,2017-06-20 04:00:00
160222,EB,4,2017-06-20 04:15:00
160222,WB,1,2017-06-20 04:15:00
105505,NB,4,2017-06-20 04:15:00
105505,SB,1,2017-06-20 04:15:00
10855,EB,1,2017-06-20 04:15:00
10855,WB,8,2017-06-20 04:15:00
11787,NB,2,2017-06-20 04:15:00
11787,SB,0,2017-06-20 04:15:00
160346,EB,1,2017-06-20 04:15:00
160344,WB,2,2017-06-20 04:15:00
160222,EB,4,2017-06-20 04:30:00
160222,WB,2,2017-06-20 04:30:00
105505,NB,8,2017-06-20 04:30:00
105505,SB,0,2017-06-20 04:30:00
10855,EB,5,2017-06-20 04:30:00
10855,WB,10,2017-06-20 04:30:00
11787,NB,3,2017-06-20 04:30:00
11787,SB,1,2017-06-20 04:30:00
160346,EB,3,2017-06-20 04:30:00
160344,WB,2,2017-06-20 04:30:00
160222,EB,13,2017-06-20 04:45:00
160222,WB,5,2017-06-20 04:45:00
105505,NB,12,2017-06-20 04:45:00
105505,SB,1,2017-06-20 04:45:00
10855,EB,5,2017-06-20 04:45:00
10855,WB,18,2017-06-20 04:45:00
11787,NB,3,2017-06-20 04:45:00
11787,SB,1,2017-06-20 04:45:00
160346,EB,8,2017-06-20 04:45:00
160344,WB,5,2017-06-20 04:45:00
160222,EB,16,2017-06-20 05:00:00
160222,WB,15,2017-06-20 05:00:00
105505,NB,12,2017-06-20 05:00:00
105505,SB,0,2017-06-20 05:00:00
10855,EB,3,2017-06-20 05:00:00
10855,WB,32,2017-06-20 05:00:00
11787,NB,5,2017-06-20 05:00:00
11787,SB,0,2017-06-20 05:00:00
160346,EB,11,2017-06-20 05:00:00
160344,WB,8,2017-06-20 05:00:00
160222,EB,21,2017-06-20 05:15:00
160222,WB,16,2017-06-20 05:15:00
105505,NB,13,2017-06-20 05:15:00
105505,SB,0,2017-06-20 05:15:00
10855,EB,7,2017-06-20 05:15:00
10855,WB,23,2017-06-20 05:15:00
11787,NB,2,2017-06-20 05:15:00
11787,SB,0,2017-06-20 05:15:00
160346,EB,17,2017-06-20 05:15:00
160344,WB,12,2017-06-20 05:15:00
160222,EB,21,2017-06-20 05:30:00
160222,WB,12,2017-06-20 05:30:00
105505,NB,19,2017-06-20 05:30:00
105505,SB,4,2017-06-20 05:30:00
10855,EB,7,2017-06-20 05:30:00
10855,WB,35,2017-06-20 05:30:00
11787,NB,13,2017-06-20 05:30:00
11787,SB,0,2017-06-20 05:30:00
160346,EB,19,2017-06-20 05:30:00
160344,WB,14,2017-06-20 05:30:00
160222,EB,29,2017-06-20 05:45:00
160222,WB,19,2017-06-20 05:45:00
105505,NB,32,2017-06-20 05:45:00
105505,SB,4,2017-06-20 05:45:00
10855,EB,7,2017-06-20 05:45:00
10855,WB,42,2017-06-20 05:45:00
11787,NB,13,2017-06-20 05:45:00
11787,SB,4,2017-06-20 05:45:00
160346,EB,27,2017-06-20 05:45:00
160344,WB,30,2017-06-20 05:45:00
160222,EB,42,2017-06-20 06:00:00
160222,WB,34,2017-06-20 06:00:00
105505,NB,26,2017-06-20 06:00:00
105505,SB,8,2017-06-20 06:00:00
10855,EB,11,2017-06-20 06:00:00
10855,WB,59,2017-06-20 06:00:00
11787,NB,17,2017-06-20 06:00:00
11787,SB,3,2017-06-20 06:00:00
160346,EB,24,2017-06-20 06:00:00
160344,WB,15,2017-06-20 06:00:00
160222,EB,42,2017-06-20 06:15:00
160222,WB,33,2017-06-20 06:15:00
105505,NB,42,2017-06-20 06:15:00
105505,SB,8,2017-06-20 06:15:00
10855,EB,22,2017-06-20 06:15:00
10855,WB,50,2017-06-20 06:15:00
11787,NB,19,2017-06-20 06:15:00
11787,SB,6,2017-06-20 06:15:00
160346,EB,39,2017-06-20 06:15:00
160344,WB,28,2017-06-20 06:15:00
160222,EB,36,2017-06-20 06:30:00
160222,WB,51,2017-06-20 06:30:00
105505,NB,55,2017-06-20 06:30:00
105505,SB,7,2017-06-20 06:30:00
10855,EB,34,2017-06-20 06:30:00
10855,WB,66,2017-06-20 06:30:00
11787,NB,37,2017-06-20 06:30:00
11787,SB,7,2017-06-20 06:30:00
160346,EB,61,2017-06-20 06:30:00
160344,WB,52,2017-06-20 06:30:00
160222,EB,49,2017-06-20 06:45:00
160222,WB,98,2017-06-20 06:45:00
105505,NB,62,2017-06-20 06:45:00
105505,SB,20,2017-06-20 06:45:00
10855,EB,39,2017-06-20 06:45:00
10855,WB,77,2017-06-20 06:45:00
11787,NB,45,2017-06-20 06:45:00
11787,SB,8,2017-06-20 06:45:00
160346,EB,108,2017-06-20 06:45:00
160344,WB,71,2017-06-20 06:45:00
160222,EB,32,2017-06-20 07:00:00
160222,WB,84,2017-06-20 07:00:00
105505,NB,59,2017-06-20 07:00:00
105505,SB,10,2017-06-20 07:00:00
10855,EB,32,2017-06-20 07:00:00
10855,WB,68,2017-06-20 07:00:00
11787,NB,59,2017-06-20 07:00:00
11787,SB,10,2017-06-20 07:00:00
160346,EB,92,2017-06-20 07:00:00
160344,WB,94,2017-06-20 07:00:00
160222,EB,45,2017-06-20 07:15:00
160222,WB,96,2017-06-20 07:15:00
105505,NB,66,2017-06-20 07:15:00
105505,SB,16,2017-06-20 07:15:00
10855,EB,24,2017-06-20 07:15:00
10855,WB,84,2017-06-20 07:15:00
11787,NB,73,2017-06-20 07:15:00
11787,SB,18,2017-06-20 07:15:00
160346,EB,101,2017-06-20 07:15:00
160344,WB,81,2017-06-20 07:15:00
160222,EB,45,2017-06-20 07:30:00
160222,WB,106,2017-06-20 07:30:00
105505,NB,59,2017-06-20 07:30:00
105505,SB,14,2017-06-20 07:30:00
10855,EB,23,2017-06-20 07:30:00
10855,WB,80,2017-06-20 07:30:00
11787,NB,71,2017-06-20 07:30:00
11787,SB,26,2017-06-20 07:30:00
160346,EB,65,2017-06-20 07:30:00
160344,WB,97,2017-06-20 07:30:00
160222,EB,79,2017-06-20 07:45:00
160222,WB,132,2017-06-20 07:45:00
105505,NB,78,2017-06-20 07:45:00
105505,SB,19,2017-06-20 07:45:00
10855,EB,35,2017-06-20 07:45:00
10855,WB,61,2017-06-20 07:45:00
11787,NB,71,2017-06-20 07:45:00
11787,SB,18,2017-06-20 07:45:00
160346,EB,91,2017-06-20 07:45:00
160344,WB,57,2017-06-20 07:45:00
160222,EB,71,2017-06-20 08:00:00
160222,WB,158,2017-06-20 08:00:00
105505,NB,67,2017-06-20 08:00:00
105505,SB,12,2017-06-20 08:00:00
10855,EB,38,2017-06-20 08:00:00
10855,WB,77,2017-06-20 08:00:00
11787,NB,62,2017-06-20 08:00:00
11787,SB,28,2017-06-20 08:00:00
160346,EB,95,2017-06-20 08:00:00
160344,WB,66,2017-06-20 08:00:00
160222,EB,76,2017-06-20 08:15:00
160222,WB,118,2017-06-20 08:15:00
105505,NB,62,2017-06-20 08:15:00
105505,SB,25,2017-06-20 08:15:00
10855,EB,47,2017-06-20 08:15:00
10855,WB,52,2017-06-20 08:15:00
11787,NB,55,2017-06-20 08:15:00
11787,SB,17,2017-06-20 08:15:00
160346,EB,85,2017-06-20 08:15:00
160344,WB,62,2017-06-20 08:15:00
160222,EB,51,2017-06-20 08:30:00
160222,WB,84,2017-06-20 08:30:00
105505,NB,59,2017-06-20 08:30:00
105505,SB,24,2017-06-20 08:30:00
10855,EB,55,2017-06-20 08:30:00
10855,WB,57,2017-06-20 08:30:00
11787,NB,51,2017-06-20 08:30:00
11787,SB,18,2017-06-20 08:30:00
160346,EB,72,2017-06-20 08:30:00
160344,WB,78,2017-06-20 08:30:00
160222,EB,56,2017-06-20 08:45:00
160222,WB,94,2017-06-20 08:45:00
105505,NB,42,2017-06-20 08:45:00
105505,SB,18,2017-06-20 08:45:00
10855,EB,38,2017-06-20 08:45:00
10855,WB,58,2017-06-20 08:45:00
11787,NB,63,2017-06-20 08:45:00
11787,SB,18,2017-06-20 08:45:00
160346,EB,73,2017-06-20 08:45:00
160344,WB,81,2017-06-20 08:45:00
160222,EB,46,2017-06-20 09:00:00
160222,WB,81,2017-06-20 09:00:00
105505,NB,49,2017-06-20 09:00:00
105505,SB,21,2017-06-20 09:00:00
10855,EB,37,2017-06-20 09:00:00
10855,WB,51,2017-06-20 09:00:00
11787,NB,56,2017-06-20 09:00:00
11787,SB,16,2017-06-20 09:00:00
160346,EB,63,2017-06-20 09:00:00
160344,WB,90,2017-06-20 09:00:00
160222,EB,67,2017-06-20 09:15:00
160222,WB,57,2017-06-20 09:15:00
105505,NB,27,2017-06-20 09:15:00
105505,SB,20,2017-06-20 09:15:00
10855,EB,38,2017-06-20 09:15:00
10855,WB,54,2017-06-20 09:15:00
11787,NB,47,2017-06-20 09:15:00
11787,SB,14,2017-06-20 09:15:00
160346,EB,51,2017-06-20 09:15:00
160344,WB,86,2017-06-20 09:15:00
160222,EB,64,2017-06-20 09:30:00
160222,WB,79,2017-06-20 09:30:00
105505,NB,23,2017-06-20 09:30:00
105505,SB,17,2017-06-20 09:30:00
10855,EB,32,2017-06-20 09:30:00
10855,WB,39,2017-06-20 09:30:00
11787,NB,33,2017-06-20 09:30:00
11787,SB,13,2017-06-20 09:30:00
160346,EB,58,2017-06-20 09:30:00
160344,WB,61,2017-06-20 09:30:00
160222,EB,55,2017-06-20 09:45:00
160222,WB,64,2017-06-20 09:45:00
105505,NB,33,2017-06-20 09:45:00
105505,SB,26,2017-06-20 09:45:00
10855,EB,33,2017-06-20 09:45:00
10855,WB,38,2017-06-20 09:45:00
11787,NB,34,2017-06-20 09:45:00
11787,SB,15,2017-06-20 09:45:00
160346,EB,74,2017-06-20 09:45:00
160344,WB,76,2017-06-20 09:45:00
160222,EB,50,2017-06-20 10:00:00
160222,WB,66,2017-06-20 10:00:00
105505,NB,22,2017-06-20 10:00:00
105505,SB,24,2017-06-20 10:00:00
10855,EB,42,2017-06-20 10:00:00
10855,WB,43,2017-06-20 10:00:00
11787,NB,42,2017-06-20 10:00:00
11787,SB,5,2017-06-20 10:00:00
160346,EB,42,2017-06-20 10:00:00
160344,WB,73,2017-06-20 10:00:00
160222,EB,45,2017-06-20 10:15:00
160222,WB,68,2017-06-20 10:15:00
105505,NB,20,2017-06-20 10:15:00
105505,SB,32,2017-06-20 10:15:00
10855,EB,30,2017-06-20 10:15:00
10855,WB,52,2017-06-20 10:15:00
11787,NB,29,2017-06-20 10:15:00
11787,SB,12,2017-06-20 10:15:00
160346,EB,41,2017-06-20 10:15:00
160344,WB,78,2017-06-20 10:15:00
160222,EB,71,2017-06-20 10:30:00
160222,WB,61,2017-06-20 10:30:00
105505,NB,40,2017-06-20 10:30:00
105505,SB,47,2017-06-20 10:30:00
10855,EB,47,2017-06-20 10:30:00
10855,WB,53,2017-06-20 10:30:00
11787,NB,42,2017-06-20 10:30:00
11787,SB,12,2017-06-20 10:30:00
160346,EB,55,2017-06-20 10:30:00
160344,WB,83,2017-06-20 10:30:00
160222,EB,73,2017-06-20 10:45:00
160222,WB,68,2017-06-20 10:45:00
105505,NB,29,2017-06-20 10:45:00
105505,SB,28,2017-06-20 10:45:00
10855,EB,39,2017-06-20 10:45:00
10855,WB,56,2017-06-20 10:45:00
11787,NB,49,2017-06-20 10:45:00
11787,SB,8,2017-06-20 10:45:00
160346,EB,64,2017-06-20 10:45:00
160344,WB,86,2017-06-20 10:45:00
160222,EB,54,2017-06-20 11:00:00
160222,WB,89,2017-06-20 11:00:00
105505,NB,26,2017-06-20 11:00:00
105505,SB,34,2017-06-20 11:00:00
10855,EB,43,2017-06-20 11:00:00
10855,WB,38,2017-06-20 11:00:00
11787,NB,48,2017-06-20 11:00:00
11787,SB,13,2017-06-20 11:00:00
160346,EB,48,2017-06-20 11:00:00
160344,WB,94,2017-06-20 11:00:00
160222,EB,74,2017-06-20 11:15:00
160222,WB,86,2017-06-20 11:15:00
105505,NB,28,2017-06-20 11:15:00
105505,SB,22,2017-06-20 11:15:00
10855,EB,35,2017-06-20 11:15:00
10855,WB,43,2017-06-20 11:15:00
11787,NB,39,2017-06-20 11:15:00
11787,SB,20,2017-06-20 11:15:00
160346,EB,49,2017-06-20 11:15:00
160344,WB,91,2017-06-20 11:15:00
160222,EB,54,2017-06-20 11:30:00
160222,WB,65,2017-06-20 11:30:00
105505,NB,31,2017-06-20 11:30:00
105505,SB,27,2017-06-20 11:30:00
10855,EB,42,2017-06-20 11:30:00
10855,WB,52,2017-06-20 11:30:00
11787,NB,41,2017-06-20 11:30:00
11787,SB,9,2017-06-20 11:30:00
160346,EB,32,2017-06-20 11:30:00
160344,WB,92,2017-06-20 11:30:00
160222,EB,66,2017-06-20 11:45:00
160222,WB,71,2017-06-20 11:45:00
105505,NB,24,2017-06-20 11:45:00
105505,SB,27,2017-06-20 11:45:00
10855,EB,42,2017-06-20 11:45:00
10855,WB,68,2017-06-20 11:45:00
11787,NB,44,2017-06-20 11:45:00
11787,SB,18,2017-06-20 11:45:00
160346,EB,63,2017-06-20 11:45:00
160344,WB,106,2017-06-20 11:45:00
160222,EB,62,2017-06-20 12:00:00
160222,WB,67,2017-06-20 12:00:00
105505,NB,17,2017-06-20 12:00:00
105505,SB,33,2017-06-20 12:00:00
10855,EB,47,2017-06-20 12:00:00
10855,WB,56,2017-06-20 12:00:00
11787,NB,54,2017-06-20 12:00:00
11787,SB,22,2017-06-20 12:00:00
160346,EB,53,2017-06-20 12:00:00
160344,WB,68,2017-06-20 12:00:00
160222,EB,63,2017-06-20 12:15:00
160222,WB,82,2017-06-20 12:15:00
105505,NB,23,2017-06-20 12:15:00
105505,SB,41,2017-06-20 12:15:00
10855,EB,47,2017-06-20 12:15:00
10855,WB,46,2017-06-20 12:15:00
11787,NB,50,2017-06-20 12:15:00
11787,SB,19,2017-06-20 12:15:00
160346,EB,73,2017-06-20 12:15:00
160344,WB,97,2017-06-20 12:15:00
160222,EB,69,2017-06-20 12:30:00
160222,WB,80,2017-06-20 12:30:00
105505,NB,37,2017-06-20 12:30:00
105505,SB,29,2017-06-20 12:30:00
10855,EB,48,2017-06-20 12:30:00
10855,WB,55,2017-06-20 12:30:00
11787,NB,50,2017-06-20 12:30:00
11787,SB,16,2017-06-20 12:30:00
160346,EB,53,2017-06-20 12:30:00
160344,WB,103,2017-06-20 12:30:00
160222,EB,61,2017-06-20 12:45:00
160222,WB,92,2017-06-20 12:45:00
105505,NB,25,2017-06-20 12:45:00
105505,SB,32,2017-06-20 12:45:00
10855,EB,48,2017-06-20 12:45:00
10855,WB,44,2017-06-20 12:45:00
11787,NB,66,2017-06-20 12:45:00
11787,SB,22,2017-06-20 12:45:00
160346,EB,57,2017-06-20 12:45:00
160344,WB,74,2017-06-20 12:45:00
160222,EB,55,2017-06-20 13:00:00
160222,WB,67,2017-06-20 13:00:00
105505,NB,33,2017-06-20 13:00:00
105505,SB,22,2017-06-20 13:00:00
10855,EB,38,2017-06-20 13:00:00
10855,WB,48,2017-06-20 13:00:00
11787,NB,46,2017-06-20 13:00:00
11787,SB,19,2017-06-20 13:00:00
160346,EB,50,2017-06-20 13:00:00
160344,WB,63,2017-06-20 13:00:00
160222,EB,68,2017-06-20 13:15:00
160222,WB,77,2017-06-20 13:15:00
105505,NB,43,2017-06-20 13:15:00
105505,SB,40,2017-06-20 13:15:00
10855,EB,58,2017-06-20 13:15:00
10855,WB,47,2017-06-20 13:15:00
11787,NB,45,2017-06-20 13:15:00
11787,SB,14,2017-06-20 13:15:00
160346,EB,38,2017-06-20 13:15:00
160344,WB,77,2017-06-20 13:15:00
160222,EB,61,2017-06-20 13:30:00
160222,WB,88,2017-06-20 13:30:00
105505,NB,29,2017-06-20 13:30:00
105505,SB,24,2017-06-20 13:30:00
10855,EB,48,2017-06-20 13:30:00
10855,WB,65,2017-06-20 13:30:00
11787,NB,63,2017-06-20 13:30:00
11787,SB,15,2017-06-20 13:30:00
160346,EB,49,2017-06-20 13:30:00
160344,WB,101,2017-06-20 13:30:00
160222,EB,55,2017-06-20 13:45:00
160222,WB,88,2017-06-20 13:45:00
105505,NB,30,2017-06-20 13:45:00
105505,SB,38,2017-06-20 13:45:00
10855,EB,46,2017-06-20 13:45:00
10855,WB,53,2017-06-20 13:45:00
11787,NB,34,2017-06-20 13:45:00
11787,SB,17,2017-06-20 13:45:00
160346,EB,50,2017-06-20 13:45:00
160344,WB,87,2017-06-20 13:45:00
160222,EB,64,2017-06-20 14:00:00
160222,WB,110,2017-06-20 14:00:00
105505,NB,26,2017-06-20 14:00:00
105505,SB,40,2017-06-20 14:00:00
10855,EB,57,2017-06-20 14:00:00
10855,WB,53,2017-06-20 14:00:00
11787,NB,46,2017-06-20 14:00:00
11787,SB,20,2017-06-20 14:00:00
160346,EB,64,2017-06-20 14:00:00
160344,WB,99,2017-06-20 14:00:00
160222,EB,73,2017-06-20 14:15:00
160222,WB,97,2017-06-20 14:15:00
105505,NB,30,2017-06-20 14:15:00
105505,SB,24,2017-06-20 14:15:00
10855,EB,41,2017-06-20 14:15:00
10855,WB,45,2017-06-20 14:15:00
11787,NB,71,2017-06-20 14:15:00
11787,SB,15,2017-06-20 14:15:00
160346,EB,63,2017-06-20 14:15:00
160344,WB,96,2017-06-20 14:15:00
160222,EB,120,2017-06-20 14:30:00
160222,WB,97,2017-06-20 14:30:00
105505,NB,35,2017-06-20 14:30:00
105505,SB,28,2017-06-20 14:30:00
10855,EB,54,2017-06-20 14:30:00
10855,WB,42,2017-06-20 14:30:00
11787,NB,61,2017-06-20 14:30:00
11787,SB,27,2017-06-20 14:30:00
160346,EB,68,2017-06-20 14:30:00
160344,WB,118,2017-06-20 14:30:00
160222,EB,76,2017-06-20 14:45:00
160222,WB,83,2017-06-20 14:45:00
105505,NB,32,2017-06-20 14:45:00
105505,SB,67,2017-06-20 14:45:00
10855,EB,54,2017-06-20 14:45:00
10855,WB,47,2017-06-20 14:45:00
11787,NB,62,2017-06-20 14:45:00
11787,SB,22,2017-06-20 14:45:00
160346,EB,77,2017-06-20 14:45:00
160344,WB,113,2017-06-20 14:45:00
160222,EB,60,2017-06-20 15:00:00
160222,WB,79,2017-06-20 15:00:00
105505,NB,35,2017-06-20 15:00:00
105505,SB,36,2017-06-20 15:00:00
10855,EB,59,2017-06-20 15:00:00
10855,WB,44,2017-06-20 15:00:00
11787,NB,69,2017-06-20 15:00:00
11787,SB,39,2017-06-20 15:00:00
160346,EB,50,2017-06-20 15:00:00
160344,WB,122,2017-06-20 15:00:00
160222,EB,85,2017-06-20 15:15:00
160222,WB,77,2017-06-20 15:15:00
105505,NB,29,2017-06-20 15:15:00
105505,SB,52,2017-06-20 15:15:00
10855,EB,47,2017-06-20 15:15:00
10855,WB,66,2017-06-20 15:15:00
11787,NB,57,2017-06-20 15:15:00
11787,SB,32,2017-06-20 15:15:00
160346,EB,46,2017-06-20 15:15:00
160344,WB,118,2017-06-20 15:15:00
160222,EB,76,2017-06-20 15:30:00
160222,WB,90,2017-06-20 15:30:00
105505,NB,26,2017-06-20 15:30:00
105505,SB,43,2017-06-20 15:30:00
10855,EB,53,2017-06-20 15:30:00
10855,WB,58,2017-06-20 15:30:00
11787,NB,62,2017-06-20 15:30:00
11787,SB,29,2017-06-20 15:30:00
160346,EB,74,2017-06-20 15:30:00
160344,WB,158,2017-06-20 15:30:00
160222,EB,80,2017-06-20 15:45:00
160222,WB,81,2017-06-20 15:45:00
105505,NB,38,2017-06-20 15:45:00
105505,SB,36,2017-06-20 15:45:00
10855,EB,56,2017-06-20 15:45:00
10855,WB,58,2017-06-20 15:45:00
11787,NB,76,2017-06-20 15:45:00
11787,SB,39,2017-06-20 15:45:00
160346,EB,54,2017-06-20 15:45:00
160344,WB,114,2017-06-20 15:45:00
160222,EB,59,2017-06-20 16:00:00
160222,WB,87,2017-06-20 16:00:00
105505,NB,32,2017-06-20 16:00:00
105505,SB,54,2017-06-20 16:00:00
10855,EB,44,2017-06-20 16:00:00
10855,WB,45,2017-06-20 16:00:00
11787,NB,59,2017-06-20 16:00:00
11787,SB,39,2017-06-20 16:00:00
160346,EB,42,2017-06-20 16:00:00
160344,WB,111,2017-06-20 16:00:00
160222,EB,81,2017-06-20 16:15:00
160222,WB,86,2017-06-20 16:15:00
105505,NB,44,2017-06-20 16:15:00
105505,SB,36,2017-06-20 16:15:00
10855,EB,55,2017-06-20 16:15:00
10855,WB,51,2017-06-20 16:15:00
11787,NB,53,2017-06-20 16:15:00
11787,SB,47,2017-06-20 16:15:00
160346,EB,58,2017-06-20 16:15:00
160344,WB,114,2017-06-20 16:15:00
160222,EB,71,2017-06-20 16:30:00
160222,WB,93,2017-06-20 16:30:00
105505,NB,28,2017-06-20 16:30:00
105505,SB,49,2017-06-20 16:30:00
10855,EB,60,2017-06-20 16:30:00
10855,WB,65,2017-06-20 16:30:00
11787,NB,59,2017-06-20 16:30:00
11787,SB,25,2017-06-20 16:30:00
160346,EB,51,2017-06-20 16:30:00
160344,WB,118,2017-06-20 16:30:00
160222,EB,79,2017-06-20 16:45:00
160222,WB,100,2017-06-20 16:45:00
105505,NB,43,2017-06-20 16:45:00
105505,SB,56,2017-06-20 16:45:00
10855,EB,59,2017-06-20 16:45:00
10855,WB,46,2017-06-20 16:45:00
11787,NB,59,2017-06-20 16:45:00
11787,SB,35,2017-06-20 16:45:00
160346,EB,50,2017-06-20 16:45:00
160344,WB,100,2017-06-20 16:45:00
160222,EB,83,2017-06-20 17:00:00
160222,WB,74,2017-06-20 17:00:00
105505,NB,27,2017-06-20 17:00:00
105505,SB,34,2017-06-20 17:00:00
10855,EB,48,2017-06-20 17:00:00
10855,WB,50,2017-06-20 17:00:00
11787,NB,75,2017-06-20 17:00:00
11787,SB,39,2017-06-20 17:00:00
160346,EB,48,2017-06-20 17:00:00
160344,WB,126,2017-06-20 17:00:00
160222,EB,75,2017-06-20 17:15:00
160222,WB,85,2017-06-20 17:15:00
105505,NB,34,2017-06-20 17:15:00
105505,SB,34,2017-06-20 17:15:00
10855,EB,66,2017-06-20 17:15:00
10855,WB,43,2017-06-20 17:15:00
11787,NB,63,2017-06-20 17:15:00
11787,SB,36,2017-06-20 17:15:00
160346,EB,53,2017-06-20 17:15:00
160344,WB,105,2017-06-20 17:15:00
160222,EB,78,2017-06-20 17:30:00
160222,WB,86,2017-06-20 17:30:00
105505,NB,39,2017-06-20 17:30:00
105505,SB,35,2017-06-20 17:30:00
10855,EB,101,2017-06-20 17:30:00
10855,WB,52,2017-06-20 17:30:00
11787,NB,62,2017-06-20 17:30:00
11787,SB,31,2017-06-20 17:30:00
160346,EB,56,2017-06-20 17:30:00
160344,WB,107,2017-06-20 17:30:00
160222,EB,74,2017-06-20 17:45:00
160222,WB,98,2017-06-20 17:45:00
105505,NB,50,2017-06-20 17:45:00
105505,SB,38,2017-06-20 17:45:00
10855,EB,81,2017-06-20 17:45:00
10855,WB,53,2017-06-20 17:45:00
11787,NB,58,2017-06-20 17:45:00
11787,SB,26,2017-06-20 17:45:00
160346,EB,62,2017-06-20 17:45:00
160344,WB,97,2017-06-20 17:45:00
160222,EB,84,2017-06-20 18:00:00
160222,WB,84,2017-06-20 18:00:00
105505,NB,37,2017-06-20 18:00:00
105505,SB,46,2017-06-20 18:00:00
10855,EB,76,2017-06-20 18:00:00
10855,WB,52,2017-06-20 18:00:00
11787,NB,68,2017-06-20 18:00:00
11787,SB,30,2017-06-20 18:00:00
160346,EB,69,2017-06-20 18:00:00
160344,WB,101,2017-06-20 18:00:00
160222,EB,77,2017-06-20 18:15:00
160222,WB,104,2017-06-20 18:15:00
105505,NB,52,2017-06-20 18:15:00
105505,SB,50,2017-06-20 18:15:00
10855,EB,64,2017-06-20 18:15:00
10855,WB,65,2017-06-20 18:15:00
11787,NB,75,2017-06-20 18:15:00
11787,SB,31,2017-06-20 18:15:00
160346,EB,58,2017-06-20 18:15:00
160344,WB,52,2017-06-20 18:15:00
160222,EB,68,2017-06-20 18:30:00
160222,WB,105,2017-06-20 18:30:00
105505,NB,40,2017-06-20 18:30:00
105505,SB,35,2017-06-20 18:30:00
10855,EB,72,2017-06-20 18:30:00
10855,WB,39,2017-06-20 18:30:00
11787,NB,53,2017-06-20 18:30:00
11787,SB,33,2017-06-20 18:30:00
160346,EB,38,2017-06-20 18:30:00
160344,WB,104,2017-06-20 18:30:00
160222,EB,66,2017-06-20 18:45:00
160222,WB,80,2017-06-20 18:45:00
105505,NB,34,2017-06-20 18:45:00
105505,SB,49,2017-06-20 18:45:00
10855,EB,75,2017-06-20 18:45:00
10855,WB,41,2017-06-20 18:45:00
11787,NB,58,2017-06-20 18:45:00
11787,SB,20,2017-06-20 18:45:00
160346,EB,64,2017-06-20 18:45:00
160344,WB,82,2017-06-20 18:45:00
160222,EB,80,2017-06-20 19:00:00
160222,WB,72,2017-06-20 19:00:00
105505,NB,27,2017-06-20 19:00:00
105505,SB,57,2017-06-20 19:00:00
10855,EB,64,2017-06-20 19:00:00
10855,WB,45,2017-06-20 19:00:00
11787,NB,64,2017-06-20 19:00:00
11787,SB,24,2017-06-20 19:00:00
160346,EB,40,2017-06-20 19:00:00
160344,WB,97,2017-06-20 19:00:00
160222,EB,58,2017-06-20 19:15:00
160222,WB,81,2017-06-20 19:15:00
105505,NB,38,2017-06-20 19:15:00
105505,SB,50,2017-06-20 19:15:00
10855,EB,70,2017-06-20 19:15:00
10855,WB,46,2017-06-20 19:15:00
11787,NB,45,2017-06-20 19:15:00
11787,SB,20,2017-06-20 19:15:00
160346,EB,47,2017-06-20 19:15:00
160344,WB,87,2017-06-20 19:15:00
160222,EB,70,2017-06-20 19:30:00
160222,WB,88,2017-06-20 19:30:00
105505,NB,30,2017-06-20 19:30:00
105505,SB,45,2017-06-20 19:30:00
10855,EB,89,2017-06-20 19:30:00
10855,WB,64,2017-06-20 19:30:00
11787,NB,53,2017-06-20 19:30:00
11787,SB,17,2017-06-20 19:30:00
160346,EB,36,2017-06-20 19:30:00
160344,WB,82,2017-06-20 19:30:00
160222,EB,44,2017-06-20 19:45:00
160222,WB,75,2017-06-20 19:45:00
105505,NB,32,2017-06-20 19:45:00
105505,SB,40,2017-06-20 19:45:00
10855,EB,55,2017-06-20 19:45:00
10855,WB,63,2017-06-20 19:45:00
11787,NB,48,2017-06-20 19:45:00
11787,SB,8,2017-06-20 19:45:00
160346,EB,45,2017-06-20 19:45:00
160344,WB,70,2017-06-20 19:45:00
160222,EB,48,2017-06-20 20:00:00
160222,WB,85,2017-06-20 20:00:00
105505,NB,42,2017-06-20 20:00:00
105505,SB,70,2017-06-20 20:00:00
10855,EB,72,2017-06-20 20:00:00
10855,WB,78,2017-06-20 20:00:00
11787,NB,31,2017-06-20 20:00:00
11787,SB,18,2017-06-20 20:00:00
160346,EB,35,2017-06-20 20:00:00
160344,WB,66,2017-06-20 20:00:00
160222,EB,61,2017-06-20 20:15:00
160222,WB,62,2017-06-20 20:15:00
105505,NB,29,2017-06-20 20:15:00
105505,SB,67,2017-06-20 20:15:00
10855,EB,65,2017-06-20 20:15:00
10855,WB,52,2017-06-20 20:15:00
11787,NB,56,2017-06-20 20:15:00
11787,SB,6,2017-06-20 20:15:00
160346,EB,40,2017-06-20 20:15:00
160344,WB,58,2017-06-20 20:15:00
160222,EB,49,2017-06-20 20:30:00
160222,WB,67,2017-06-20 20:30:00
105505,NB,20,2017-06-20 20:30:00
105505,SB,53,2017-06-20 20:30:00
10855,EB,47,2017-06-20 20:30:00
10855,WB,59,2017-06-20 20:30:00
11787,NB,41,2017-06-20 20:30:00
11787,SB,10,2017-06-20 20:30:00
160346,EB,32,2017-06-20 20:30:00
160344,WB,55,2017-06-20 20:30:00
160222,EB,42,2017-06-20 20:45:00
160222,WB,49,2017-06-20 20:45:00
105505,NB,18,2017-06-20 20:45:00
105505,SB,47,2017-06-20 20:45:00
10855,EB,65,2017-06-20 20:45:00
10855,WB,76,2017-06-20 20:45:00
11787,NB,37,2017-06-20 20:45:00
11787,SB,9,2017-06-20 20:45:00
160346,EB,33,2017-06-20 20:45:00
160344,WB,52,2017-06-20 20:45:00
160222,EB,39,2017-06-20 21:00:00
160222,WB,62,2017-06-20 21:00:00
105505,NB,24,2017-06-20 21:00:00
105505,SB,49,2017-06-20 21:00:00
10855,EB,48,2017-06-20 21:00:00
10855,WB,56,2017-06-20 21:00:00
11787,NB,35,2017-06-20 21:00:00
11787,SB,10,2017-06-20 21:00:00
160346,EB,25,2017-06-20 21:00:00
160344,WB,66,2017-06-20 21:00:00
160222,EB,37,2017-06-20 21:15:00
160222,WB,67,2017-06-20 21:15:00
105505,NB,24,2017-06-20 21:15:00
105505,SB,47,2017-06-20 21:15:00
10855,EB,38,2017-06-20 21:15:00
10855,WB,39,2017-06-20 21:15:00
11787,NB,24,2017-06-20 21:15:00
11787,SB,15,2017-06-20 21:15:00
160346,EB,32,2017-06-20 21:15:00
160344,WB,39,2017-06-20 21:15:00
160222,EB,46,2017-06-20 21:30:00
160222,WB,59,2017-06-20 21:30:00
105505,NB,18,2017-06-20 21:30:00
105505,SB,35,2017-06-20 21:30:00
10855,EB,38,2017-06-20 21:30:00
10855,WB,36,2017-06-20 21:30:00
11787,NB,27,2017-06-20 21:30:00
11787,SB,5,2017-06-20 21:30:00
160346,EB,23,2017-06-20 21:30:00
160344,WB,39,2017-06-20 21:30:00
160222,EB,31,2017-06-20 21:45:00
160222,WB,46,2017-06-20 21:45:00
105505,NB,25,2017-06-20 21:45:00
105505,SB,25,2017-06-20 21:45:00
10855,EB,42,2017-06-20 21:45:00
10855,WB,46,2017-06-20 21:45:00
11787,NB,25,2017-06-20 21:45:00
11787,SB,3,2017-06-20 21:45:00
160346,EB,32,2017-06-20 21:45:00
160344,WB,32,2017-06-20 21:45:00
160222,EB,23,2017-06-20 22:00:00
160222,WB,38,2017-06-20 22:00:00
105505,NB,20,2017-06-20 22:00:00
105505,SB,23,2017-06-20 22:00:00
10855,EB,39,2017-06-20 22:00:00
10855,WB,36,2017-06-20 22:00:00
11787,NB,21,2017-06-20 22:00:00
11787,SB,10,2017-06-20 22:00:00
160346,EB,17,2017-06-20 22:00:00
160344,WB,30,2017-06-20 22:00:00
160222,EB,25,2017-06-20 22:15:00
160222,WB,25,2017-06-20 22:15:00
105505,NB,20,2017-06-20 22:15:00
105505,SB,24,2017-06-20 22:15:00
10855,EB,38,2017-06-20 22:15:00
10855,WB,23,2017-06-20 22:15:00
11787,NB,28,2017-06-20 22:15:00
11787,SB,7,2017-06-20 22:15:00
160346,EB,16,2017-06-20 22:15:00
160344,WB,25,2017-06-20 22:15:00
160222,EB,17,2017-06-20 22:30:00
160222,WB,26,2017-06-20 22:30:00
105505,NB,20,2017-06-20 22:30:00
105505,SB,18,2017-06-20 22:30:00
10855,EB,45,2017-06-20 22:30:00
10855,WB,35,2017-06-20 22:30:00
11787,NB,17,2017-06-20 22:30:00
11787,SB,5,2017-06-20 22:30:00
160346,EB,16,2017-06-20 22:30:00
160344,WB,42,2017-06-20 22:30:00
160222,EB,25,2017-06-20 22:45:00
160222,WB,23,2017-06-20 22:45:00
105505,NB,18,2017-06-20 22:45:00
105505,SB,13,2017-06-20 22:45:00
10855,EB,22,2017-06-20 22:45:00
10855,WB,18,2017-06-20 22:45:00
11787,NB,22,2017-06-20 22:45:00
11787,SB,9,2017-06-20 22:45:00
160346,EB,29,2017-06-20 22:45:00
160344,WB,50,2017-06-20 22:45:00
160222,EB,17,2017-06-20 23:00:00
160222,WB,16,2017-06-20 23:00:00
105505,NB,11,2017-06-20 23:00:00
105505,SB,23,2017-06-20 23:00:00
10855,EB,33,2017-06-20 23:00:00
10855,WB,17,2017-06-20 23:00:00
11787,NB,6,2017-06-20 23:00:00
11787,SB,1,2017-06-20 23:00:00
160346,EB,10,2017-06-20 23:00:00
160344,WB,34,2017-06-20 23:00:00
160222,EB,18,2017-06-20 23:15:00
160222,WB,25,2017-06-20 23:15:00
105505,NB,6,2017-06-20 23:15:00
105505,SB,16,2017-06-20 23:15:00
10855,EB,28,2017-06-20 23:15:00
10855,WB,20,2017-06-20 23:15:00
11787,NB,12,2017-06-20 23:15:00
11787,SB,1,2017-06-20 23:15:00
160346,EB,19,2017-06-20 23:15:00
160344,WB,32,2017-06-20 23:15:00
160222,EB,14,2017-06-20 23:30:00
160222,WB,24,2017-06-20 23:30:00
105505,NB,8,2017-06-20 23:30:00
105505,SB,19,2017-06-20 23:30:00
10855,EB,18,2017-06-20 23:30:00
10855,WB,18,2017-06-20 23:30:00
11787,NB,8,2017-06-20 23:30:00
11787,SB,8,2017-06-20 23:30:00
160346,EB,16,2017-06-20 23:30:00
160344,WB,24,2017-06-20 23:30:00
160222,EB,14,2017-06-20 23:45:00
160222,WB,21,2017-06-20 23:45:00
105505,NB,5,2017-06-20 23:45:00
105505,SB,5,2017-06-20 23:45:00
10855,EB,23,2017-06-20 23:45:00
10855,WB,8,2017-06-20 23:45:00
11787,NB,2,2017-06-20 23:45:00
11787,SB,3,2017-06-20 23:45:00
160346,EB,3,2017-06-20 23:45:00
160344,WB,25,2017-06-20 23:45:00
160222,EB,14,2017-06-21 00:00:00
160222,WB,25,2017-06-21 00:00:00
105505,NB,7,2017-06-21 00:00:00
105505,SB,15,2017-06-21 00:00:00
10855,EB,31,2017-06-21 00:00:00
10855,WB,8,2017-06-21 00:00:00
11787,NB,5,2017-06-21 00:00:00
11787,SB,0,2017-06-21 00:00:00
160346,EB,8,2017-06-21 00:00:00
160344,WB,9,2017-06-21 00:00:00
