192731,WB,10,2017-06-20 00:15:00
192731,WB,355,2017-06-20 00:15:00
192770,EB,1,2017-06-20 00:15:00
192771,WB,1,2017-06-20 00:15:00
65785,SB,0,2017-06-20 00:15:00
84439,SB,64,2017-06-20 00:15:00
137935,WB,0,2017-06-20 00:15:00
138592,NB,0,2017-06-20 00:15:00
172152,WB,0,2017-06-20 00:15:00
184079,EB,2,2017-06-20 00:15:00
184079,WB,8,2017-06-20 00:15:00
137934,EB,9,2017-06-20 00:15:00
192756,EB,13,2017-06-20 00:15:00
142785,SB,300,2017-06-20 00:15:00
142783,NB,457,2017-06-20 00:15:00
136512,EB,0,2017-06-20 00:15:00
136512,EB,255,2017-06-20 00:15:00
255311,NB,41,2017-06-20 00:15:00
255311,NB,37,2017-06-20 00:15:00
83890,EB,22,2017-06-20 00:15:00
177593,EB,0,2017-06-20 00:15:00
268582,SB,132,2017-06-20 00:15:00
84005,EB,0,2017-06-20 00:15:00
175381,WB,128,2017-06-20 00:15:00
192731,WB,8,2017-06-20 00:30:00
192731,WB,308,2017-06-20 00:30:00
192770,EB,2,2017-06-20 00:30:00
192771,WB,2,2017-06-20 00:30:00
65785,SB,0,2017-06-20 00:30:00
84439,SB,50,2017-06-20 00:30:00
137935,WB,0,2017-06-20 00:30:00
138592,NB,0,2017-06-20 00:30:00
172152,WB,0,2017-06-20 00:30:00
184079,EB,3,2017-06-20 00:30:00
184079,WB,4,2017-06-20 00:30:00
137934,EB,8,2017-06-20 00:30:00
192756,EB,8,2017-06-20 00:30:00
142785,SB,256,2017-06-20 00:30:00
142783,NB,387,2017-06-20 00:30:00
136512,EB,3,2017-06-20 00:30:00
136512,EB,197,2017-06-20 00:30:00
255311,NB,31,2017-06-20 00:30:00
255311,NB,45,2017-06-20 00:30:00
83890,EB,20,2017-06-20 00:30:00
177593,EB,6,2017-06-20 00:30:00
268582,SB,82,2017-06-20 00:30:00
84005,EB,0,2017-06-20 00:30:00
175381,WB,132,2017-06-20 00:30:00
192731,WB,9,2017-06-20 00:45:00
192731,WB,268,2017-06-20 00:45:00
192770,EB,3,2017-06-20 00:45:00
192771,WB,0,2017-06-20 00:45:00
65785,SB,0,2017-06-20 00:45:00
84439,SB,46,2017-06-20 00:45:00
137935,WB,0,2017-06-20 00:45:00
138592,NB,0,2017-06-20 00:45:00
172152,WB,0,2017-06-20 00:45:00
184079,EB,5,2017-06-20 00:45:00
184079,WB,4,2017-06-20 00:45:00
137934,EB,9,2017-06-20 00:45:00
192756,EB,7,2017-06-20 00:45:00
142785,SB,213,2017-06-20 00:45:00
142783,NB,338,2017-06-20 00:45:00
136512,EB,0,2017-06-20 00:45:00
136512,EB,204,2017-06-20 00:45:00
255311,NB,20,2017-06-20 00:45:00
255311,NB,35,2017-06-20 00:45:00
83890,EB,30,2017-06-20 00:45:00
177593,EB,10,2017-06-20 00:45:00
268582,SB,72,2017-06-20 00:45:00
84005,EB,2,2017-06-20 00:45:00
175381,WB,102,2017-06-20 00:45:00
192731,WB,3,2017-06-20 01:00:00
192731,WB,270,2017-06-20 01:00:00
192770,EB,3,2017-06-20 01:00:00
192771,WB,0,2017-06-20 01:00:00
65785,SB,0,2017-06-20 01:00:00
84439,SB,39,2017-06-20 01:00:00
137935,WB,0,2017-06-20 01:00:00
138592,NB,0,2017-06-20 01:00:00
172152,WB,0,2017-06-20 01:00:00
184079,EB,3,2017-06-20 01:00:00
184079,WB,1,2017-06-20 01:00:00
137934,EB,7,2017-06-20 01:00:00
192756,EB,2,2017-06-20 01:00:00
142785,SB,194,2017-06-20 01:00:00
142783,NB,329,2017-06-20 01:00:00
136512,EB,0,2017-06-20 01:00:00
136512,EB,141,2017-06-20 01:00:00
255311,NB,21,2017-06-20 01:00:00
255311,NB,38,2017-06-20 01:00:00
83890,EB,17,2017-06-20 01:00:00
177593,EB,8,2017-06-20 01:00:00
268582,SB,48,2017-06-20 01:00:00
84005,EB,0,2017-06-20 01:00:00
175381,WB,94,2017-06-20 01:00:00
192731,WB,5,2017-06-20 01:15:00
192731,WB,244,2017-06-20 01:15:00
192770,EB,1,2017-06-20 01:15:00
192771,WB,3,2017-06-20 01:15:00
65785,SB,0,2017-06-20 01:15:00
84439,SB,41,2017-06-20 01:15:00
137935,WB,0,2017-06-20 01:15:00
138592,NB,0,2017-06-20 01:15:00
172152,WB,0,2017-06-20 01:15:00
184079,EB,2,2017-06-20 01:15:00
184079,WB,5,2017-06-20 01:15:00
137934,EB,2,2017-06-20 01:15:00
192756,EB,7,2017-06-20 01:15:00
142785,SB,190,2017-06-20 01:15:00
142783,NB,272,2017-06-20 01:15:00
136512,EB,0,2017-06-20 01:15:00
136512,EB,118,2017-06-20 01:15:00
255311,NB,17,2017-06-20 01:15:00
255311,NB,26,2017-06-20 01:15:00
83890,EB,13,2017-06-20 01:15:00
177593,EB,6,2017-06-20 01:15:00
268582,SB,46,2017-06-20 01:15:00
84005,EB,4,2017-06-20 01:15:00
175381,WB,68,2017-06-20 01:15:00
192731,WB,6,2017-06-20 01:30:00
192731,WB,207,2017-06-20 01:30:00
192770,EB,0,2017-06-20 01:30:00
192771,WB,1,2017-06-20 01:30:00
65785,SB,0,2017-06-20 01:30:00
84439,SB,34,2017-06-20 01:30:00
137935,WB,0,2017-06-20 01:30:00
138592,NB,0,2017-06-20 01:30:00
172152,WB,0,2017-06-20 01:30:00
184079,EB,0,2017-06-20 01:30:00
184079,WB,0,2017-06-20 01:30:00
137934,EB,3,2017-06-20 01:30:00
192756,EB,1,2017-06-20 01:30:00
142785,SB,195,2017-06-20 01:30:00
142783,NB,264,2017-06-20 01:30:00
136512,EB,1,2017-06-20 01:30:00
136512,EB,110,2017-06-20 01:30:00
255311,NB,13,2017-06-20 01:30:00
255311,NB,32,2017-06-20 01:30:00
83890,EB,16,2017-06-20 01:30:00
177593,EB,4,2017-06-20 01:30:00
268582,SB,36,2017-06-20 01:30:00
84005,EB,4,2017-06-20 01:30:00
175381,WB,62,2017-06-20 01:30:00
192731,WB,1,2017-06-20 01:45:00
192731,WB,223,2017-06-20 01:45:00
192770,EB,1,2017-06-20 01:45:00
192771,WB,0,2017-06-20 01:45:00
65785,SB,0,2017-06-20 01:45:00
84439,SB,44,2017-06-20 01:45:00
137935,WB,0,2017-06-20 01:45:00
138592,NB,0,2017-06-20 01:45:00
172152,WB,0,2017-06-20 01:45:00
184079,EB,0,2017-06-20 01:45:00
184079,WB,0,2017-06-20 01:45:00
137934,EB,9,2017-06-20 01:45:00
192756,EB,1,2017-06-20 01:45:00
142785,SB,164,2017-06-20 01:45:00
142783,NB,232,2017-06-20 01:45:00
136512,EB,3,2017-06-20 01:45:00
136512,EB,108,2017-06-20 01:45:00
255311,NB,22,2017-06-20 01:45:00
255311,NB,26,2017-06-20 01:45:00
83890,EB,12,2017-06-20 01:45:00
177593,EB,4,2017-06-20 01:45:00
268582,SB,31,2017-06-20 01:45:00
84005,EB,2,2017-06-20 01:45:00
175381,WB,60,2017-06-20 01:45:00
192731,WB,8,2017-06-20 02:00:00
192731,WB,219,2017-06-20 02:00:00
192770,EB,1,2017-06-20 02:00:00
192771,WB,1,2017-06-20 02:00:00
65785,SB,0,2017-06-20 02:00:00
84439,SB,34,2017-06-20 02:00:00
137935,WB,0,2017-06-20 02:00:00
138592,NB,0,2017-06-20 02:00:00
172152,WB,0,2017-06-20 02:00:00
184079,EB,1,2017-06-20 02:00:00
184079,WB,2,2017-06-20 02:00:00
137934,EB,7,2017-06-20 02:00:00
192756,EB,3,2017-06-20 02:00:00
142785,SB,177,2017-06-20 02:00:00
142783,NB,250,2017-06-20 02:00:00
136512,EB,0,2017-06-20 02:00:00
136512,EB,88,2017-06-20 02:00:00
255311,NB,15,2017-06-20 02:00:00
255311,NB,25,2017-06-20 02:00:00
83890,EB,12,2017-06-20 02:00:00
177593,EB,8,2017-06-20 02:00:00
268582,SB,23,2017-06-20 02:00:00
84005,EB,2,2017-06-20 02:00:00
175381,WB,64,2017-06-20 02:00:00
192731,WB,1,2017-06-20 02:15:00
192731,WB,210,2017-06-20 02:15:00
192770,EB,5,2017-06-20 02:15:00
192771,WB,1,2017-06-20 02:15:00
65785,SB,0,2017-06-20 02:15:00
84439,SB,42,2017-06-20 02:15:00
137935,WB,0,2017-06-20 02:15:00
138592,NB,0,2017-06-20 02:15:00
172152,WB,0,2017-06-20 02:15:00
184079,EB,1,2017-06-20 02:15:00
184079,WB,1,2017-06-20 02:15:00
137934,EB,4,2017-06-20 02:15:00
192756,EB,10,2017-06-20 02:15:00
142785,SB,153,2017-06-20 02:15:00
142783,NB,235,2017-06-20 02:15:00
136512,EB,0,2017-06-20 02:15:00
136512,EB,82,2017-06-20 02:15:00
255311,NB,18,2017-06-20 02:15:00
255311,NB,18,2017-06-20 02:15:00
83890,EB,13,2017-06-20 02:15:00
177593,EB,8,2017-06-20 02:15:00
268582,SB,25,2017-06-20 02:15:00
84005,EB,0,2017-06-20 02:15:00
175381,WB,36,2017-06-20 02:15:00
192731,WB,3,2017-06-20 02:30:00
192731,WB,266,2017-06-20 02:30:00
192770,EB,1,2017-06-20 02:30:00
192771,WB,1,2017-06-20 02:30:00
65785,SB,0,2017-06-20 02:30:00
84439,SB,53,2017-06-20 02:30:00
137935,WB,0,2017-06-20 02:30:00
138592,NB,0,2017-06-20 02:30:00
172152,WB,0,2017-06-20 02:30:00
184079,EB,0,2017-06-20 02:30:00
184079,WB,2,2017-06-20 02:30:00
137934,EB,3,2017-06-20 02:30:00
192756,EB,4,2017-06-20 02:30:00
142785,SB,160,2017-06-20 02:30:00
142783,NB,172,2017-06-20 02:30:00
136512,EB,0,2017-06-20 02:30:00
136512,EB,62,2017-06-20 02:30:00
255311,NB,8,2017-06-20 02:30:00
255311,NB,16,2017-06-20 02:30:00
83890,EB,12,2017-06-20 02:30:00
177593,EB,1,2017-06-20 02:30:00
268582,SB,20,2017-06-20 02:30:00
84005,EB,0,2017-06-20 02:30:00
175381,WB,46,2017-06-20 02:30:00
192731,WB,2,2017-06-20 02:45:00
192731,WB,253,2017-06-20 02:45:00
192770,EB,0,2017-06-20 02:45:00
192771,WB,0,2017-06-20 02:45:00
65785,SB,0,2017-06-20 02:45:00
84439,SB,38,2017-06-20 02:45:00
137935,WB,0,2017-06-20 02:45:00
138592,NB,0,2017-06-20 02:45:00
172152,WB,0,2017-06-20 02:45:00
184079,EB,2,2017-06-20 02:45:00
184079,WB,1,2017-06-20 02:45:00
137934,EB,0,2017-06-20 02:45:00
192756,EB,3,2017-06-20 02:45:00
142785,SB,169,2017-06-20 02:45:00
142783,NB,226,2017-06-20 02:45:00
136512,EB,2,2017-06-20 02:45:00
136512,EB,70,2017-06-20 02:45:00
255311,NB,16,2017-06-20 02:45:00
255311,NB,31,2017-06-20 02:45:00
83890,EB,14,2017-06-20 02:45:00
177593,EB,1,2017-06-20 02:45:00
268582,SB,12,2017-06-20 02:45:00
84005,EB,0,2017-06-20 02:45:00
175381,WB,56,2017-06-20 02:45:00
192731,WB,2,2017-06-20 03:00:00
192731,WB,307,2017-06-20 03:00:00
192770,EB,2,2017-06-20 03:00:00
192771,WB,0,2017-06-20 03:00:00
65785,SB,0,2017-06-20 03:00:00
84439,SB,47,2017-06-20 03:00:00
137935,WB,0,2017-06-20 03:00:00
138592,NB,0,2017-06-20 03:00:00
172152,WB,0,2017-06-20 03:00:00
184079,EB,1,2017-06-20 03:00:00
184079,WB,1,2017-06-20 03:00:00
137934,EB,1,2017-06-20 03:00:00
192756,EB,2,2017-06-20 03:00:00
142785,SB,208,2017-06-20 03:00:00
142783,NB,197,2017-06-20 03:00:00
136512,EB,0,2017-06-20 03:00:00
136512,EB,77,2017-06-20 03:00:00
255311,NB,12,2017-06-20 03:00:00
255311,NB,22,2017-06-20 03:00:00
83890,EB,8,2017-06-20 03:00:00
177593,EB,2,2017-06-20 03:00:00
268582,SB,14,2017-06-20 03:00:00
84005,EB,0,2017-06-20 03:00:00
175381,WB,56,2017-06-20 03:00:00
192731,WB,5,2017-06-20 03:15:00
192731,WB,315,2017-06-20 03:15:00
192770,EB,2,2017-06-20 03:15:00
192771,WB,0,2017-06-20 03:15:00
65785,SB,0,2017-06-20 03:15:00
84439,SB,50,2017-06-20 03:15:00
137935,WB,0,2017-06-20 03:15:00
138592,NB,0,2017-06-20 03:15:00
172152,WB,0,2017-06-20 03:15:00
184079,EB,1,2017-06-20 03:15:00
184079,WB,0,2017-06-20 03:15:00
137934,EB,2,2017-06-20 03:15:00
192756,EB,5,2017-06-20 03:15:00
142785,SB,233,2017-06-20 03:15:00
142783,NB,191,2017-06-20 03:15:00
136512,EB,0,2017-06-20 03:15:00
136512,EB,55,2017-06-20 03:15:00
255311,NB,13,2017-06-20 03:15:00
255311,NB,31,2017-06-20 03:15:00
83890,EB,14,2017-06-20 03:15:00
177593,EB,4,2017-06-20 03:15:00
268582,SB,14,2017-06-20 03:15:00
84005,EB,0,2017-06-20 03:15:00
175381,WB,66,2017-06-20 03:15:00
192731,WB,7,2017-06-20 03:30:00
192731,WB,368,2017-06-20 03:30:00
192770,EB,1,2017-06-20 03:30:00
192771,WB,0,2017-06-20 03:30:00
65785,SB,0,2017-06-20 03:30:00
84439,SB,44,2017-06-20 03:30:00
137935,WB,0,2017-06-20 03:30:00
138592,NB,0,2017-06-20 03:30:00
172152,WB,0,2017-06-20 03:30:00
184079,EB,2,2017-06-20 03:30:00
184079,WB,1,2017-06-20 03:30:00
137934,EB,3,2017-06-20 03:30:00
192756,EB,4,2017-06-20 03:30:00
142785,SB,214,2017-06-20 03:30:00
142783,NB,202,2017-06-20 03:30:00
136512,EB,1,2017-06-20 03:30:00
136512,EB,78,2017-06-20 03:30:00
255311,NB,7,2017-06-20 03:30:00
255311,NB,20,2017-06-20 03:30:00
83890,EB,6,2017-06-20 03:30:00
177593,EB,5,2017-06-20 03:30:00
268582,SB,6,2017-06-20 03:30:00
84005,EB,0,2017-06-20 03:30:00
175381,WB,82,2017-06-20 03:30:00
192731,WB,8,2017-06-20 03:45:00
192731,WB,378,2017-06-20 03:45:00
192770,EB,0,2017-06-20 03:45:00
192771,WB,0,2017-06-20 03:45:00
65785,SB,0,2017-06-20 03:45:00
84439,SB,32,2017-06-20 03:45:00
137935,WB,0,2017-06-20 03:45:00
138592,NB,0,2017-06-20 03:45:00
172152,WB,0,2017-06-20 03:45:00
184079,EB,3,2017-06-20 03:45:00
184079,WB,1,2017-06-20 03:45:00
137934,EB,2,2017-06-20 03:45:00
192756,EB,1,2017-06-20 03:45:00
142785,SB,236,2017-06-20 03:45:00
142783,NB,221,2017-06-20 03:45:00
136512,EB,0,2017-06-20 03:45:00
136512,EB,77,2017-06-20 03:45:00
255311,NB,10,2017-06-20 03:45:00
255311,NB,56,2017-06-20 03:45:00
83890,EB,6,2017-06-20 03:45:00
177593,EB,2,2017-06-20 03:45:00
268582,SB,22,2017-06-20 03:45:00
84005,EB,0,2017-06-20 03:45:00
175381,WB,110,2017-06-20 03:45:00
192731,WB,20,2017-06-20 04:00:00
192731,WB,495,2017-06-20 04:00:00
192770,EB,1,2017-06-20 04:00:00
192771,WB,0,2017-06-20 04:00:00
65785,SB,0,2017-06-20 04:00:00
84439,SB,40,2017-06-20 04:00:00
137935,WB,0,2017-06-20 04:00:00
138592,NB,0,2017-06-20 04:00:00
172152,WB,0,2017-06-20 04:00:00
184079,EB,1,2017-06-20 04:00:00
184079,WB,0,2017-06-20 04:00:00
137934,EB,4,2017-06-20 04:00:00
192756,EB,3,2017-06-20 04:00:00
142785,SB,285,2017-06-20 04:00:00
142783,NB,213,2017-06-20 04:00:00
136512,EB,1,2017-06-20 04:00:00
136512,EB,79,2017-06-20 04:00:00
255311,NB,8,2017-06-20 04:00:00
255311,NB,29,2017-06-20 04:00:00
83890,EB,8,2017-06-20 04:00:00
177593,EB,6,2017-06-20 04:00:00
268582,SB,12,2017-06-20 04:00:00
84005,EB,0,2017-06-20 04:00:00
175381,WB,122,2017-06-20 04:00:00
192731,WB,8,2017-06-20 04:15:00
192731,WB,543,2017-06-20 04:15:00
192770,EB,2,2017-06-20 04:15:00
192771,WB,3,2017-06-20 04:15:00
65785,SB,0,2017-06-20 04:15:00
84439,SB,59,2017-06-20 04:15:00
137935,WB,0,2017-06-20 04:15:00
138592,NB,0,2017-06-20 04:15:00
172152,WB,0,2017-06-20 04:15:00
184079,EB,4,2017-06-20 04:15:00
184079,WB,0,2017-06-20 04:15:00
137934,EB,7,2017-06-20 04:15:00
192756,EB,5,2017-06-20 04:15:00
142785,SB,386,2017-06-20 04:15:00
142783,NB,244,2017-06-20 04:15:00
136512,EB,0,2017-06-20 04:15:00
136512,EB,125,2017-06-20 04:15:00
255311,NB,16,2017-06-20 04:15:00
255311,NB,37,2017-06-20 04:15:00
83890,EB,5,2017-06-20 04:15:00
177593,EB,4,2017-06-20 04:15:00
268582,SB,16,2017-06-20 04:15:00
84005,EB,0,2017-06-20 04:15:00
175381,WB,162,2017-06-20 04:15:00
192731,WB,12,2017-06-20 04:30:00
192731,WB,707,2017-06-20 04:30:00
192770,EB,1,2017-06-20 04:30:00
192771,WB,2,2017-06-20 04:30:00
65785,SB,0,2017-06-20 04:30:00
84439,SB,61,2017-06-20 04:30:00
137935,WB,0,2017-06-20 04:30:00
138592,NB,0,2017-06-20 04:30:00
172152,WB,0,2017-06-20 04:30:00
184079,EB,5,2017-06-20 04:30:00
184079,WB,1,2017-06-20 04:30:00
137934,EB,5,2017-06-20 04:30:00
192756,EB,7,2017-06-20 04:30:00
142785,SB,495,2017-06-20 04:30:00
142783,NB,297,2017-06-20 04:30:00
136512,EB,0,2017-06-20 04:30:00
136512,EB,169,2017-06-20 04:30:00
255311,NB,25,2017-06-20 04:30:00
255311,NB,58,2017-06-20 04:30:00
83890,EB,10,2017-06-20 04:30:00
177593,EB,6,2017-06-20 04:30:00
268582,SB,32,2017-06-20 04:30:00
84005,EB,0,2017-06-20 04:30:00
175381,WB,203,2017-06-20 04:30:00
192731,WB,21,2017-06-20 04:45:00
192731,WB,894,2017-06-20 04:45:00
192770,EB,2,2017-06-20 04:45:00
192771,WB,2,2017-06-20 04:45:00
65785,SB,0,2017-06-20 04:45:00
84439,SB,56,2017-06-20 04:45:00
137935,WB,0,2017-06-20 04:45:00
138592,NB,0,2017-06-20 04:45:00
172152,WB,0,2017-06-20 04:45:00
184079,EB,8,2017-06-20 04:45:00
184079,WB,1,2017-06-20 04:45:00
137934,EB,9,2017-06-20 04:45:00
192756,EB,7,2017-06-20 04:45:00
142785,SB,595,2017-06-20 04:45:00
142783,NB,365,2017-06-20 04:45:00
136512,EB,1,2017-06-20 04:45:00
136512,EB,186,2017-06-20 04:45:00
255311,NB,24,2017-06-20 04:45:00
255311,NB,87,2017-06-20 04:45:00
83890,EB,5,2017-06-20 04:45:00
177593,EB,11,2017-06-20 04:45:00
268582,SB,38,2017-06-20 04:45:00
84005,EB,0,2017-06-20 04:45:00
175381,WB,178,2017-06-20 04:45:00
192731,WB,36,2017-06-20 05:00:00
192731,WB,1050,2017-06-20 05:00:00
192770,EB,4,2017-06-20 05:00:00
192771,WB,5,2017-06-20 05:00:00
65785,SB,0,2017-06-20 05:00:00
84439,SB,102,2017-06-20 05:00:00
137935,WB,0,2017-06-20 05:00:00
138592,NB,0,2017-06-20 05:00:00
172152,WB,0,2017-06-20 05:00:00
184079,EB,3,2017-06-20 05:00:00
184079,WB,3,2017-06-20 05:00:00
137934,EB,7,2017-06-20 05:00:00
192756,EB,15,2017-06-20 05:00:00
142785,SB,733,2017-06-20 05:00:00
142783,NB,420,2017-06-20 05:00:00
136512,EB,3,2017-06-20 05:00:00
136512,EB,215,2017-06-20 05:00:00
255311,NB,32,2017-06-20 05:00:00
255311,NB,80,2017-06-20 05:00:00
83890,EB,10,2017-06-20 05:00:00
177593,EB,14,2017-06-20 05:00:00
268582,SB,55,2017-06-20 05:00:00
84005,EB,4,2017-06-20 05:00:00
175381,WB,257,2017-06-20 05:00:00
192731,WB,40,2017-06-20 05:15:00
192731,WB,1319,2017-06-20 05:15:00
192770,EB,6,2017-06-20 05:15:00
192771,WB,8,2017-06-20 05:15:00
65785,SB,0,2017-06-20 05:15:00
84439,SB,106,2017-06-20 05:15:00
137935,WB,0,2017-06-20 05:15:00
138592,NB,0,2017-06-20 05:15:00
172152,WB,0,2017-06-20 05:15:00
184079,EB,9,2017-06-20 05:15:00
184079,WB,3,2017-06-20 05:15:00
137934,EB,23,2017-06-20 05:15:00
192756,EB,12,2017-06-20 05:15:00
142785,SB,999,2017-06-20 05:15:00
142783,NB,499,2017-06-20 05:15:00
136512,EB,0,2017-06-20 05:15:00
136512,EB,234,2017-06-20 05:15:00
255311,NB,41,2017-06-20 05:15:00
255311,NB,104,2017-06-20 05:15:00
83890,EB,12,2017-06-20 05:15:00
177593,EB,30,2017-06-20 05:15:00
268582,SB,72,2017-06-20 05:15:00
84005,EB,14,2017-06-20 05:15:00
175381,WB,272,2017-06-20 05:15:00
192731,WB,74,2017-06-20 05:30:00
192731,WB,1334,2017-06-20 05:30:00
192770,EB,14,2017-06-20 05:30:00
192771,WB,22,2017-06-20 05:30:00
65785,SB,0,2017-06-20 05:30:00
84439,SB,149,2017-06-20 05:30:00
137935,WB,0,2017-06-20 05:30:00
138592,NB,0,2017-06-20 05:30:00
172152,WB,0,2017-06-20 05:30:00
184079,EB,15,2017-06-20 05:30:00
184079,WB,15,2017-06-20 05:30:00
137934,EB,44,2017-06-20 05:30:00
192756,EB,19,2017-06-20 05:30:00
142785,SB,1357,2017-06-20 05:30:00
142783,NB,603,2017-06-20 05:30:00
136512,EB,4,2017-06-20 05:30:00
136512,EB,339,2017-06-20 05:30:00
255311,NB,61,2017-06-20 05:30:00
255311,NB,152,2017-06-20 05:30:00
83890,EB,8,2017-06-20 05:30:00
177593,EB,20,2017-06-20 05:30:00
268582,SB,72,2017-06-20 05:30:00
84005,EB,4,2017-06-20 05:30:00
175381,WB,338,2017-06-20 05:30:00
192731,WB,233,2017-06-20 05:45:00
192731,WB,1318,2017-06-20 05:45:00
192770,EB,9,2017-06-20 05:45:00
192771,WB,82,2017-06-20 05:45:00
65785,SB,0,2017-06-20 05:45:00
84439,SB,166,2017-06-20 05:45:00
137935,WB,0,2017-06-20 05:45:00
138592,NB,0,2017-06-20 05:45:00
172152,WB,0,2017-06-20 05:45:00
184079,EB,14,2017-06-20 05:45:00
184079,WB,19,2017-06-20 05:45:00
137934,EB,44,2017-06-20 05:45:00
192756,EB,26,2017-06-20 05:45:00
142785,SB,1580,2017-06-20 05:45:00
142783,NB,672,2017-06-20 05:45:00
136512,EB,0,2017-06-20 05:45:00
136512,EB,323,2017-06-20 05:45:00
255311,NB,74,2017-06-20 05:45:00
255311,NB,173,2017-06-20 05:45:00
83890,EB,8,2017-06-20 05:45:00
177593,EB,24,2017-06-20 05:45:00
268582,SB,78,2017-06-20 05:45:00
84005,EB,8,2017-06-20 05:45:00
175381,WB,372,2017-06-20 05:45:00
192731,WB,240,2017-06-20 06:00:00
192731,WB,1338,2017-06-20 06:00:00
192770,EB,20,2017-06-20 06:00:00
192771,WB,154,2017-06-20 06:00:00
65785,SB,0,2017-06-20 06:00:00
84439,SB,203,2017-06-20 06:00:00
137935,WB,0,2017-06-20 06:00:00
138592,NB,0,2017-06-20 06:00:00
172152,WB,0,2017-06-20 06:00:00
184079,EB,14,2017-06-20 06:00:00
184079,WB,10,2017-06-20 06:00:00
137934,EB,20,2017-06-20 06:00:00
192756,EB,45,2017-06-20 06:00:00
142785,SB,1665,2017-06-20 06:00:00
142783,NB,741,2017-06-20 06:00:00
136512,EB,0,2017-06-20 06:00:00
136512,EB,359,2017-06-20 06:00:00
255311,NB,79,2017-06-20 06:00:00
255311,NB,136,2017-06-20 06:00:00
83890,EB,5,2017-06-20 06:00:00
177593,EB,35,2017-06-20 06:00:00
268582,SB,102,2017-06-20 06:00:00
84005,EB,8,2017-06-20 06:00:00
175381,WB,405,2017-06-20 06:00:00
192731,WB,163,2017-06-20 06:15:00
192731,WB,1106,2017-06-20 06:15:00
192770,EB,24,2017-06-20 06:15:00
192771,WB,363,2017-06-20 06:15:00
65785,SB,0,2017-06-20 06:15:00
84439,SB,235,2017-06-20 06:15:00
137935,WB,0,2017-06-20 06:15:00
138592,NB,0,2017-06-20 06:15:00
172152,WB,0,2017-06-20 06:15:00
184079,EB,30,2017-06-20 06:15:00
184079,WB,11,2017-06-20 06:15:00
137934,EB,43,2017-06-20 06:15:00
192756,EB,39,2017-06-20 06:15:00
142785,SB,1628,2017-06-20 06:15:00
142783,NB,858,2017-06-20 06:15:00
136512,EB,64,2017-06-20 06:15:00
136512,EB,400,2017-06-20 06:15:00
255311,NB,87,2017-06-20 06:15:00
255311,NB,185,2017-06-20 06:15:00
83890,EB,16,2017-06-20 06:15:00
177593,EB,12,2017-06-20 06:15:00
268582,SB,102,2017-06-20 06:15:00
84005,EB,14,2017-06-20 06:15:00
175381,WB,386,2017-06-20 06:15:00
192731,WB,141,2017-06-20 06:30:00
192731,WB,1028,2017-06-20 06:30:00
192770,EB,45,2017-06-20 06:30:00
192771,WB,305,2017-06-20 06:30:00
65785,SB,0,2017-06-20 06:30:00
84439,SB,272,2017-06-20 06:30:00
137935,WB,0,2017-06-20 06:30:00
138592,NB,0,2017-06-20 06:30:00
172152,WB,0,2017-06-20 06:30:00
184079,EB,51,2017-06-20 06:30:00
184079,WB,21,2017-06-20 06:30:00
137934,EB,26,2017-06-20 06:30:00
192756,EB,43,2017-06-20 06:30:00
142785,SB,1631,2017-06-20 06:30:00
142783,NB,928,2017-06-20 06:30:00
136512,EB,118,2017-06-20 06:30:00
136512,EB,409,2017-06-20 06:30:00
255311,NB,102,2017-06-20 06:30:00
255311,NB,251,2017-06-20 06:30:00
83890,EB,22,2017-06-20 06:30:00
177593,EB,28,2017-06-20 06:30:00
268582,SB,98,2017-06-20 06:30:00
84005,EB,16,2017-06-20 06:30:00
175381,WB,396,2017-06-20 06:30:00
192731,WB,129,2017-06-20 06:45:00
192731,WB,969,2017-06-20 06:45:00
192770,EB,44,2017-06-20 06:45:00
192771,WB,287,2017-06-20 06:45:00
65785,SB,0,2017-06-20 06:45:00
84439,SB,280,2017-06-20 06:45:00
137935,WB,0,2017-06-20 06:45:00
138592,NB,0,2017-06-20 06:45:00
172152,WB,0,2017-06-20 06:45:00
184079,EB,111,2017-06-20 06:45:00
184079,WB,32,2017-06-20 06:45:00
137934,EB,42,2017-06-20 06:45:00
192756,EB,58,2017-06-20 06:45:00
142785,SB,1610,2017-06-20 06:45:00
142783,NB,1059,2017-06-20 06:45:00
136512,EB,137,2017-06-20 06:45:00
136512,EB,434,2017-06-20 06:45:00
255311,NB,116,2017-06-20 06:45:00
255311,NB,247,2017-06-20 06:45:00
83890,EB,10,2017-06-20 06:45:00
177593,EB,31,2017-06-20 06:45:00
268582,SB,120,2017-06-20 06:45:00
84005,EB,22,2017-06-20 06:45:00
175381,WB,416,2017-06-20 06:45:00
192731,WB,202,2017-06-20 07:00:00
192731,WB,1051,2017-06-20 07:00:00
192770,EB,44,2017-06-20 07:00:00
192771,WB,350,2017-06-20 07:00:00
65785,SB,0,2017-06-20 07:00:00
84439,SB,292,2017-06-20 07:00:00
137935,WB,0,2017-06-20 07:00:00
138592,NB,0,2017-06-20 07:00:00
172152,WB,0,2017-06-20 07:00:00
184079,EB,104,2017-06-20 07:00:00
184079,WB,38,2017-06-20 07:00:00
137934,EB,68,2017-06-20 07:00:00
192756,EB,87,2017-06-20 07:00:00
142785,SB,1481,2017-06-20 07:00:00
142783,NB,1180,2017-06-20 07:00:00
136512,EB,122,2017-06-20 07:00:00
136512,EB,402,2017-06-20 07:00:00
255311,NB,98,2017-06-20 07:00:00
255311,NB,173,2017-06-20 07:00:00
83890,EB,16,2017-06-20 07:00:00
177593,EB,32,2017-06-20 07:00:00
268582,SB,138,2017-06-20 07:00:00
84005,EB,24,2017-06-20 07:00:00
175381,WB,434,2017-06-20 07:00:00
192731,WB,323,2017-06-20 07:15:00
192731,WB,1059,2017-06-20 07:15:00
192770,EB,59,2017-06-20 07:15:00
192771,WB,213,2017-06-20 07:15:00
65785,SB,0,2017-06-20 07:15:00
84439,SB,335,2017-06-20 07:15:00
137935,WB,0,2017-06-20 07:15:00
138592,NB,0,2017-06-20 07:15:00
172152,WB,0,2017-06-20 07:15:00
184079,EB,117,2017-06-20 07:15:00
184079,WB,43,2017-06-20 07:15:00
137934,EB,82,2017-06-20 07:15:00
192756,EB,100,2017-06-20 07:15:00
142785,SB,1512,2017-06-20 07:15:00
142783,NB,1198,2017-06-20 07:15:00
136512,EB,150,2017-06-20 07:15:00
136512,EB,420,2017-06-20 07:15:00
255311,NB,111,2017-06-20 07:15:00
255311,NB,176,2017-06-20 07:15:00
83890,EB,20,2017-06-20 07:15:00
177593,EB,36,2017-06-20 07:15:00
268582,SB,138,2017-06-20 07:15:00
84005,EB,22,2017-06-20 07:15:00
175381,WB,432,2017-06-20 07:15:00
192731,WB,238,2017-06-20 07:30:00
192731,WB,1087,2017-06-20 07:30:00
192770,EB,68,2017-06-20 07:30:00
192771,WB,107,2017-06-20 07:30:00
65785,SB,0,2017-06-20 07:30:00
84439,SB,314,2017-06-20 07:30:00
137935,WB,0,2017-06-20 07:30:00
138592,NB,0,2017-06-20 07:30:00
172152,WB,0,2017-06-20 07:30:00
184079,EB,126,2017-06-20 07:30:00
184079,WB,42,2017-06-20 07:30:00
137934,EB,131,2017-06-20 07:30:00
192756,EB,141,2017-06-20 07:30:00
142785,SB,1566,2017-06-20 07:30:00
142783,NB,1144,2017-06-20 07:30:00
136512,EB,183,2017-06-20 07:30:00
136512,EB,449,2017-06-20 07:30:00
255311,NB,163,2017-06-20 07:30:00
255311,NB,243,2017-06-20 07:30:00
83890,EB,18,2017-06-20 07:30:00
177593,EB,42,2017-06-20 07:30:00
268582,SB,176,2017-06-20 07:30:00
84005,EB,20,2017-06-20 07:30:00
175381,WB,416,2017-06-20 07:30:00
192731,WB,194,2017-06-20 07:45:00
192731,WB,969,2017-06-20 07:45:00
192770,EB,96,2017-06-20 07:45:00
192771,WB,75,2017-06-20 07:45:00
65785,SB,0,2017-06-20 07:45:00
84439,SB,316,2017-06-20 07:45:00
137935,WB,188,2017-06-20 07:45:00
138592,NB,0,2017-06-20 07:45:00
172152,WB,0,2017-06-20 07:45:00
184079,EB,160,2017-06-20 07:45:00
184079,WB,37,2017-06-20 07:45:00
137934,EB,91,2017-06-20 07:45:00
192756,EB,161,2017-06-20 07:45:00
142785,SB,1476,2017-06-20 07:45:00
142783,NB,944,2017-06-20 07:45:00
136512,EB,211,2017-06-20 07:45:00
136512,EB,429,2017-06-20 07:45:00
255311,NB,227,2017-06-20 07:45:00
255311,NB,250,2017-06-20 07:45:00
83890,EB,15,2017-06-20 07:45:00
177593,EB,46,2017-06-20 07:45:00
268582,SB,198,2017-06-20 07:45:00
84005,EB,26,2017-06-20 07:45:00
175381,WB,453,2017-06-20 07:45:00
192731,WB,141,2017-06-20 08:00:00
192731,WB,1067,2017-06-20 08:00:00
192770,EB,95,2017-06-20 08:00:00
192771,WB,42,2017-06-20 08:00:00
65785,SB,0,2017-06-20 08:00:00
84439,SB,299,2017-06-20 08:00:00
137935,WB,323,2017-06-20 08:00:00
138592,NB,0,2017-06-20 08:00:00
172152,WB,0,2017-06-20 08:00:00
184079,EB,158,2017-06-20 08:00:00
184079,WB,41,2017-06-20 08:00:00
137934,EB,65,2017-06-20 08:00:00
192756,EB,197,2017-06-20 08:00:00
142785,SB,1489,2017-06-20 08:00:00
142783,NB,860,2017-06-20 08:00:00
136512,EB,213,2017-06-20 08:00:00
136512,EB,431,2017-06-20 08:00:00
255311,NB,212,2017-06-20 08:00:00
255311,NB,296,2017-06-20 08:00:00
83890,EB,26,2017-06-20 08:00:00
177593,EB,43,2017-06-20 08:00:00
268582,SB,254,2017-06-20 08:00:00
84005,EB,4,2017-06-20 08:00:00
175381,WB,422,2017-06-20 08:00:00
192731,WB,154,2017-06-20 08:15:00
192731,WB,1136,2017-06-20 08:15:00
192770,EB,126,2017-06-20 08:15:00
192771,WB,58,2017-06-20 08:15:00
65785,SB,0,2017-06-20 08:15:00
84439,SB,295,2017-06-20 08:15:00
137935,WB,253,2017-06-20 08:15:00
138592,NB,0,2017-06-20 08:15:00
172152,WB,0,2017-06-20 08:15:00
184079,EB,180,2017-06-20 08:15:00
184079,WB,30,2017-06-20 08:15:00
137934,EB,69,2017-06-20 08:15:00
192756,EB,249,2017-06-20 08:15:00
142785,SB,1341,2017-06-20 08:15:00
142783,NB,843,2017-06-20 08:15:00
136512,EB,131,2017-06-20 08:15:00
136512,EB,396,2017-06-20 08:15:00
255311,NB,307,2017-06-20 08:15:00
255311,NB,207,2017-06-20 08:15:00
83890,EB,36,2017-06-20 08:15:00
177593,EB,35,2017-06-20 08:15:00
268582,SB,192,2017-06-20 08:15:00
84005,EB,4,2017-06-20 08:15:00
175381,WB,320,2017-06-20 08:15:00
192731,WB,128,2017-06-20 08:30:00
192731,WB,1161,2017-06-20 08:30:00
192770,EB,118,2017-06-20 08:30:00
192771,WB,53,2017-06-20 08:30:00
65785,SB,0,2017-06-20 08:30:00
84439,SB,276,2017-06-20 08:30:00
137935,WB,284,2017-06-20 08:30:00
138592,NB,0,2017-06-20 08:30:00
172152,WB,0,2017-06-20 08:30:00
184079,EB,197,2017-06-20 08:30:00
184079,WB,29,2017-06-20 08:30:00
137934,EB,40,2017-06-20 08:30:00
192756,EB,278,2017-06-20 08:30:00
142785,SB,1284,2017-06-20 08:30:00
142783,NB,671,2017-06-20 08:30:00
136512,EB,259,2017-06-20 08:30:00
136512,EB,346,2017-06-20 08:30:00
255311,NB,313,2017-06-20 08:30:00
255311,NB,163,2017-06-20 08:30:00
83890,EB,39,2017-06-20 08:30:00
177593,EB,46,2017-06-20 08:30:00
268582,SB,183,2017-06-20 08:30:00
84005,EB,16,2017-06-20 08:30:00
175381,WB,348,2017-06-20 08:30:00
192731,WB,120,2017-06-20 08:45:00
192731,WB,1183,2017-06-20 08:45:00
192770,EB,111,2017-06-20 08:45:00
192771,WB,56,2017-06-20 08:45:00
65785,SB,0,2017-06-20 08:45:00
84439,SB,254,2017-06-20 08:45:00
137935,WB,310,2017-06-20 08:45:00
138592,NB,0,2017-06-20 08:45:00
172152,WB,0,2017-06-20 08:45:00
184079,EB,203,2017-06-20 08:45:00
184079,WB,55,2017-06-20 08:45:00
137934,EB,23,2017-06-20 08:45:00
192756,EB,235,2017-06-20 08:45:00
142785,SB,1474,2017-06-20 08:45:00
142783,NB,669,2017-06-20 08:45:00
136512,EB,320,2017-06-20 08:45:00
136512,EB,379,2017-06-20 08:45:00
255311,NB,305,2017-06-20 08:45:00
255311,NB,176,2017-06-20 08:45:00
83890,EB,53,2017-06-20 08:45:00
177593,EB,28,2017-06-20 08:45:00
268582,SB,165,2017-06-20 08:45:00
84005,EB,12,2017-06-20 08:45:00
175381,WB,464,2017-06-20 08:45:00
192731,WB,108,2017-06-20 09:00:00
192731,WB,1267,2017-06-20 09:00:00
192770,EB,96,2017-06-20 09:00:00
192771,WB,44,2017-06-20 09:00:00
65785,SB,0,2017-06-20 09:00:00
84439,SB,260,2017-06-20 09:00:00
137935,WB,345,2017-06-20 09:00:00
138592,NB,0,2017-06-20 09:00:00
172152,WB,0,2017-06-20 09:00:00
184079,EB,173,2017-06-20 09:00:00
184079,WB,47,2017-06-20 09:00:00
137934,EB,22,2017-06-20 09:00:00
192756,EB,246,2017-06-20 09:00:00
142785,SB,1130,2017-06-20 09:00:00
142783,NB,693,2017-06-20 09:00:00
136512,EB,188,2017-06-20 09:00:00
136512,EB,392,2017-06-20 09:00:00
255311,NB,286,2017-06-20 09:00:00
255311,NB,187,2017-06-20 09:00:00
83890,EB,39,2017-06-20 09:00:00
177593,EB,58,2017-06-20 09:00:00
268582,SB,128,2017-06-20 09:00:00
84005,EB,2,2017-06-20 09:00:00
175381,WB,461,2017-06-20 09:00:00
192731,WB,98,2017-06-20 09:15:00
192731,WB,1297,2017-06-20 09:15:00
192770,EB,72,2017-06-20 09:15:00
192771,WB,68,2017-06-20 09:15:00
65785,SB,0,2017-06-20 09:15:00
84439,SB,268,2017-06-20 09:15:00
137935,WB,348,2017-06-20 09:15:00
138592,NB,0,2017-06-20 09:15:00
172152,WB,0,2017-06-20 09:15:00
184079,EB,128,2017-06-20 09:15:00
184079,WB,43,2017-06-20 09:15:00
137934,EB,8,2017-06-20 09:15:00
192756,EB,207,2017-06-20 09:15:00
142785,SB,1240,2017-06-20 09:15:00
142783,NB,708,2017-06-20 09:15:00
136512,EB,270,2017-06-20 09:15:00
136512,EB,339,2017-06-20 09:15:00
255311,NB,212,2017-06-20 09:15:00
255311,NB,182,2017-06-20 09:15:00
83890,EB,59,2017-06-20 09:15:00
177593,EB,44,2017-06-20 09:15:00
268582,SB,162,2017-06-20 09:15:00
84005,EB,14,2017-06-20 09:15:00
175381,WB,404,2017-06-20 09:15:00
192731,WB,77,2017-06-20 09:30:00
192731,WB,1310,2017-06-20 09:30:00
192770,EB,76,2017-06-20 09:30:00
192771,WB,54,2017-06-20 09:30:00
65785,SB,0,2017-06-20 09:30:00
84439,SB,239,2017-06-20 09:30:00
137935,WB,402,2017-06-20 09:30:00
138592,NB,0,2017-06-20 09:30:00
172152,WB,0,2017-06-20 09:30:00
184079,EB,147,2017-06-20 09:30:00
184079,WB,39,2017-06-20 09:30:00
137934,EB,5,2017-06-20 09:30:00
192756,EB,197,2017-06-20 09:30:00
142785,SB,1342,2017-06-20 09:30:00
142783,NB,795,2017-06-20 09:30:00
136512,EB,277,2017-06-20 09:30:00
136512,EB,357,2017-06-20 09:30:00
255311,NB,175,2017-06-20 09:30:00
255311,NB,191,2017-06-20 09:30:00
83890,EB,71,2017-06-20 09:30:00
177593,EB,65,2017-06-20 09:30:00
268582,SB,170,2017-06-20 09:30:00
84005,EB,11,2017-06-20 09:30:00
175381,WB,447,2017-06-20 09:30:00
192731,WB,85,2017-06-20 09:45:00
192731,WB,1353,2017-06-20 09:45:00
192770,EB,82,2017-06-20 09:45:00
192771,WB,43,2017-06-20 09:45:00
65785,SB,0,2017-06-20 09:45:00
84439,SB,240,2017-06-20 09:45:00
137935,WB,404,2017-06-20 09:45:00
138592,NB,0,2017-06-20 09:45:00
172152,WB,0,2017-06-20 09:45:00
184079,EB,148,2017-06-20 09:45:00
184079,WB,47,2017-06-20 09:45:00
137934,EB,2,2017-06-20 09:45:00
192756,EB,160,2017-06-20 09:45:00
142785,SB,1356,2017-06-20 09:45:00
142783,NB,862,2017-06-20 09:45:00
136512,EB,277,2017-06-20 09:45:00
136512,EB,376,2017-06-20 09:45:00
255311,NB,168,2017-06-20 09:45:00
255311,NB,172,2017-06-20 09:45:00
83890,EB,66,2017-06-20 09:45:00
177593,EB,68,2017-06-20 09:45:00
268582,SB,151,2017-06-20 09:45:00
84005,EB,8,2017-06-20 09:45:00
175381,WB,418,2017-06-20 09:45:00
192731,WB,120,2017-06-20 10:00:00
192731,WB,1240,2017-06-20 10:00:00
192770,EB,76,2017-06-20 10:00:00
192771,WB,57,2017-06-20 10:00:00
65785,SB,0,2017-06-20 10:00:00
84439,SB,258,2017-06-20 10:00:00
137935,WB,454,2017-06-20 10:00:00
138592,NB,0,2017-06-20 10:00:00
172152,WB,0,2017-06-20 10:00:00
184079,EB,116,2017-06-20 10:00:00
184079,WB,66,2017-06-20 10:00:00
137934,EB,15,2017-06-20 10:00:00
192756,EB,156,2017-06-20 10:00:00
142785,SB,1098,2017-06-20 10:00:00
142783,NB,757,2017-06-20 10:00:00
136512,EB,129,2017-06-20 10:00:00
136512,EB,394,2017-06-20 10:00:00
255311,NB,161,2017-06-20 10:00:00
255311,NB,121,2017-06-20 10:00:00
83890,EB,40,2017-06-20 10:00:00
177593,EB,58,2017-06-20 10:00:00
268582,SB,165,2017-06-20 10:00:00
84005,EB,12,2017-06-20 10:00:00
175381,WB,416,2017-06-20 10:00:00
192731,WB,193,2017-06-20 10:15:00
192731,WB,991,2017-06-20 10:15:00
192770,EB,85,2017-06-20 10:15:00
192771,WB,80,2017-06-20 10:15:00
65785,SB,0,2017-06-20 10:15:00
84439,SB,241,2017-06-20 10:15:00
137935,WB,440,2017-06-20 10:15:00
138592,NB,0,2017-06-20 10:15:00
172152,WB,0,2017-06-20 10:15:00
184079,EB,116,2017-06-20 10:15:00
184079,WB,60,2017-06-20 10:15:00
137934,EB,4,2017-06-20 10:15:00
192756,EB,166,2017-06-20 10:15:00
142785,SB,1036,2017-06-20 10:15:00
142783,NB,779,2017-06-20 10:15:00
136512,EB,16,2017-06-20 10:15:00
136512,EB,399,2017-06-20 10:15:00
255311,NB,196,2017-06-20 10:15:00
255311,NB,148,2017-06-20 10:15:00
83890,EB,66,2017-06-20 10:15:00
177593,EB,52,2017-06-20 10:15:00
268582,SB,132,2017-06-20 10:15:00
84005,EB,16,2017-06-20 10:15:00
175381,WB,426,2017-06-20 10:15:00
192731,WB,175,2017-06-20 10:30:00
192731,WB,962,2017-06-20 10:30:00
192770,EB,63,2017-06-20 10:30:00
192771,WB,123,2017-06-20 10:30:00
65785,SB,0,2017-06-20 10:30:00
84439,SB,219,2017-06-20 10:30:00
137935,WB,419,2017-06-20 10:30:00
138592,NB,0,2017-06-20 10:30:00
172152,WB,0,2017-06-20 10:30:00
184079,EB,126,2017-06-20 10:30:00
184079,WB,37,2017-06-20 10:30:00
137934,EB,1,2017-06-20 10:30:00
192756,EB,163,2017-06-20 10:30:00
142785,SB,1021,2017-06-20 10:30:00
142783,NB,714,2017-06-20 10:30:00
136512,EB,167,2017-06-20 10:30:00
136512,EB,405,2017-06-20 10:30:00
255311,NB,145,2017-06-20 10:30:00
255311,NB,118,2017-06-20 10:30:00
83890,EB,14,2017-06-20 10:30:00
177593,EB,40,2017-06-20 10:30:00
268582,SB,162,2017-06-20 10:30:00
84005,EB,16,2017-06-20 10:30:00
175381,WB,396,2017-06-20 10:30:00
192731,WB,125,2017-06-20 10:45:00
192731,WB,898,2017-06-20 10:45:00
192770,EB,88,2017-06-20 10:45:00
192771,WB,143,2017-06-20 10:45:00
65785,SB,0,2017-06-20 10:45:00
84439,SB,211,2017-06-20 10:45:00
137935,WB,445,2017-06-20 10:45:00
138592,NB,0,2017-06-20 10:45:00
172152,WB,0,2017-06-20 10:45:00
184079,EB,132,2017-06-20 10:45:00
184079,WB,53,2017-06-20 10:45:00
137934,EB,3,2017-06-20 10:45:00
192756,EB,120,2017-06-20 10:45:00
142785,SB,907,2017-06-20 10:45:00
142783,NB,640,2017-06-20 10:45:00
136512,EB,179,2017-06-20 10:45:00
136512,EB,315,2017-06-20 10:45:00
255311,NB,176,2017-06-20 10:45:00
255311,NB,75,2017-06-20 10:45:00
83890,EB,57,2017-06-20 10:45:00
177593,EB,68,2017-06-20 10:45:00
268582,SB,194,2017-06-20 10:45:00
84005,EB,12,2017-06-20 10:45:00
175381,WB,377,2017-06-20 10:45:00
192731,WB,147,2017-06-20 11:00:00
192731,WB,907,2017-06-20 11:00:00
192770,EB,57,2017-06-20 11:00:00
192771,WB,176,2017-06-20 11:00:00
65785,SB,0,2017-06-20 11:00:00
84439,SB,207,2017-06-20 11:00:00
137935,WB,425,2017-06-20 11:00:00
138592,NB,0,2017-06-20 11:00:00
172152,WB,0,2017-06-20 11:00:00
184079,EB,142,2017-06-20 11:00:00
184079,WB,71,2017-06-20 11:00:00
137934,EB,0,2017-06-20 11:00:00
192756,EB,104,2017-06-20 11:00:00
142785,SB,993,2017-06-20 11:00:00
142783,NB,802,2017-06-20 11:00:00
136512,EB,194,2017-06-20 11:00:00
136512,EB,292,2017-06-20 11:00:00
255311,NB,178,2017-06-20 11:00:00
255311,NB,154,2017-06-20 11:00:00
83890,EB,34,2017-06-20 11:00:00
177593,EB,35,2017-06-20 11:00:00
268582,SB,168,2017-06-20 11:00:00
84005,EB,15,2017-06-20 11:00:00
175381,WB,430,2017-06-20 11:00:00
192731,WB,237,2017-06-20 11:15:00
192731,WB,896,2017-06-20 11:15:00
192770,EB,44,2017-06-20 11:15:00
192771,WB,102,2017-06-20 11:15:00
65785,SB,0,2017-06-20 11:15:00
84439,SB,215,2017-06-20 11:15:00
137935,WB,447,2017-06-20 11:15:00
138592,NB,0,2017-06-20 11:15:00
172152,WB,0,2017-06-20 11:15:00
184079,EB,91,2017-06-20 11:15:00
184079,WB,61,2017-06-20 11:15:00
137934,EB,0,2017-06-20 11:15:00
192756,EB,104,2017-06-20 11:15:00
142785,SB,914,2017-06-20 11:15:00
142783,NB,900,2017-06-20 11:15:00
136512,EB,216,2017-06-20 11:15:00
136512,EB,341,2017-06-20 11:15:00
255311,NB,198,2017-06-20 11:15:00
255311,NB,140,2017-06-20 11:15:00
83890,EB,3,2017-06-20 11:15:00
177593,EB,58,2017-06-20 11:15:00
268582,SB,137,2017-06-20 11:15:00
84005,EB,7,2017-06-20 11:15:00
175381,WB,424,2017-06-20 11:15:00
192731,WB,222,2017-06-20 11:30:00
192731,WB,990,2017-06-20 11:30:00
192770,EB,53,2017-06-20 11:30:00
192771,WB,72,2017-06-20 11:30:00
65785,SB,0,2017-06-20 11:30:00
84439,SB,236,2017-06-20 11:30:00
137935,WB,456,2017-06-20 11:30:00
138592,NB,0,2017-06-20 11:30:00
172152,WB,0,2017-06-20 11:30:00
184079,EB,82,2017-06-20 11:30:00
184079,WB,74,2017-06-20 11:30:00
137934,EB,0,2017-06-20 11:30:00
192756,EB,111,2017-06-20 11:30:00
142785,SB,949,2017-06-20 11:30:00
142783,NB,828,2017-06-20 11:30:00
136512,EB,245,2017-06-20 11:30:00
136512,EB,355,2017-06-20 11:30:00
255311,NB,162,2017-06-20 11:30:00
255311,NB,164,2017-06-20 11:30:00
83890,EB,3,2017-06-20 11:30:00
177593,EB,46,2017-06-20 11:30:00
268582,SB,201,2017-06-20 11:30:00
84005,EB,9,2017-06-20 11:30:00
175381,WB,388,2017-06-20 11:30:00
192731,WB,185,2017-06-20 11:45:00
192731,WB,967,2017-06-20 11:45:00
192770,EB,46,2017-06-20 11:45:00
192771,WB,55,2017-06-20 11:45:00
65785,SB,0,2017-06-20 11:45:00
84439,SB,212,2017-06-20 11:45:00
137935,WB,460,2017-06-20 11:45:00
138592,NB,0,2017-06-20 11:45:00
172152,WB,0,2017-06-20 11:45:00
184079,EB,95,2017-06-20 11:45:00
184079,WB,66,2017-06-20 11:45:00
137934,EB,0,2017-06-20 11:45:00
192756,EB,80,2017-06-20 11:45:00
142785,SB,971,2017-06-20 11:45:00
142783,NB,714,2017-06-20 11:45:00
136512,EB,251,2017-06-20 11:45:00
136512,EB,378,2017-06-20 11:45:00
255311,NB,181,2017-06-20 11:45:00
255311,NB,180,2017-06-20 11:45:00
83890,EB,0,2017-06-20 11:45:00
177593,EB,37,2017-06-20 11:45:00
268582,SB,196,2017-06-20 11:45:00
84005,EB,10,2017-06-20 11:45:00
175381,WB,436,2017-06-20 11:45:00
192731,WB,118,2017-06-20 12:00:00
192731,WB,1020,2017-06-20 12:00:00
192770,EB,45,2017-06-20 12:00:00
192771,WB,44,2017-06-20 12:00:00
65785,SB,0,2017-06-20 12:00:00
84439,SB,233,2017-06-20 12:00:00
137935,WB,440,2017-06-20 12:00:00
138592,NB,0,2017-06-20 12:00:00
172152,WB,0,2017-06-20 12:00:00
184079,EB,119,2017-06-20 12:00:00
184079,WB,71,2017-06-20 12:00:00
137934,EB,0,2017-06-20 12:00:00
192756,EB,92,2017-06-20 12:00:00
142785,SB,865,2017-06-20 12:00:00
142783,NB,640,2017-06-20 12:00:00
136512,EB,260,2017-06-20 12:00:00
136512,EB,426,2017-06-20 12:00:00
255311,NB,194,2017-06-20 12:00:00
255311,NB,137,2017-06-20 12:00:00
83890,EB,0,2017-06-20 12:00:00
177593,EB,48,2017-06-20 12:00:00
268582,SB,201,2017-06-20 12:00:00
84005,EB,11,2017-06-20 12:00:00
175381,WB,384,2017-06-20 12:00:00
192731,WB,99,2017-06-20 12:15:00
192731,WB,1069,2017-06-20 12:15:00
192770,EB,52,2017-06-20 12:15:00
192771,WB,61,2017-06-20 12:15:00
65785,SB,0,2017-06-20 12:15:00
84439,SB,218,2017-06-20 12:15:00
137935,WB,392,2017-06-20 12:15:00
138592,NB,0,2017-06-20 12:15:00
172152,WB,0,2017-06-20 12:15:00
184079,EB,89,2017-06-20 12:15:00
184079,WB,83,2017-06-20 12:15:00
137934,EB,0,2017-06-20 12:15:00
192756,EB,100,2017-06-20 12:15:00
142785,SB,866,2017-06-20 12:15:00
142783,NB,774,2017-06-20 12:15:00
136512,EB,292,2017-06-20 12:15:00
136512,EB,387,2017-06-20 12:15:00
255311,NB,190,2017-06-20 12:15:00
255311,NB,138,2017-06-20 12:15:00
83890,EB,4,2017-06-20 12:15:00
177593,EB,44,2017-06-20 12:15:00
268582,SB,192,2017-06-20 12:15:00
84005,EB,3,2017-06-20 12:15:00
175381,WB,434,2017-06-20 12:15:00
192731,WB,102,2017-06-20 12:30:00
192731,WB,1175,2017-06-20 12:30:00
192770,EB,45,2017-06-20 12:30:00
192771,WB,42,2017-06-20 12:30:00
65785,SB,0,2017-06-20 12:30:00
84439,SB,237,2017-06-20 12:30:00
137935,WB,411,2017-06-20 12:30:00
138592,NB,0,2017-06-20 12:30:00
172152,WB,0,2017-06-20 12:30:00
184079,EB,86,2017-06-20 12:30:00
184079,WB,87,2017-06-20 12:30:00
137934,EB,0,2017-06-20 12:30:00
192756,EB,108,2017-06-20 12:30:00
142785,SB,922,2017-06-20 12:30:00
142783,NB,846,2017-06-20 12:30:00
136512,EB,311,2017-06-20 12:30:00
136512,EB,424,2017-06-20 12:30:00
255311,NB,187,2017-06-20 12:30:00
255311,NB,142,2017-06-20 12:30:00
83890,EB,2,2017-06-20 12:30:00
177593,EB,28,2017-06-20 12:30:00
268582,SB,232,2017-06-20 12:30:00
84005,EB,8,2017-06-20 12:30:00
175381,WB,465,2017-06-20 12:30:00
192731,WB,69,2017-06-20 12:45:00
192731,WB,1208,2017-06-20 12:45:00
192770,EB,50,2017-06-20 12:45:00
192771,WB,40,2017-06-20 12:45:00
65785,SB,0,2017-06-20 12:45:00
84439,SB,218,2017-06-20 12:45:00
137935,WB,353,2017-06-20 12:45:00
138592,NB,0,2017-06-20 12:45:00
172152,WB,0,2017-06-20 12:45:00
184079,EB,111,2017-06-20 12:45:00
184079,WB,71,2017-06-20 12:45:00
137934,EB,0,2017-06-20 12:45:00
192756,EB,86,2017-06-20 12:45:00
142785,SB,863,2017-06-20 12:45:00
142783,NB,839,2017-06-20 12:45:00
136512,EB,314,2017-06-20 12:45:00
136512,EB,420,2017-06-20 12:45:00
255311,NB,238,2017-06-20 12:45:00
255311,NB,92,2017-06-20 12:45:00
83890,EB,3,2017-06-20 12:45:00
177593,EB,52,2017-06-20 12:45:00
268582,SB,210,2017-06-20 12:45:00
84005,EB,8,2017-06-20 12:45:00
175381,WB,401,2017-06-20 12:45:00
192731,WB,62,2017-06-20 13:00:00
192731,WB,1246,2017-06-20 13:00:00
192770,EB,59,2017-06-20 13:00:00
192771,WB,69,2017-06-20 13:00:00
65785,SB,0,2017-06-20 13:00:00
84439,SB,224,2017-06-20 13:00:00
137935,WB,358,2017-06-20 13:00:00
138592,NB,0,2017-06-20 13:00:00
172152,WB,0,2017-06-20 13:00:00
184079,EB,109,2017-06-20 13:00:00
184079,WB,82,2017-06-20 13:00:00
137934,EB,0,2017-06-20 13:00:00
192756,EB,81,2017-06-20 13:00:00
142785,SB,778,2017-06-20 13:00:00
142783,NB,825,2017-06-20 13:00:00
136512,EB,287,2017-06-20 13:00:00
136512,EB,408,2017-06-20 13:00:00
255311,NB,242,2017-06-20 13:00:00
255311,NB,148,2017-06-20 13:00:00
83890,EB,3,2017-06-20 13:00:00
177593,EB,38,2017-06-20 13:00:00
268582,SB,204,2017-06-20 13:00:00
84005,EB,8,2017-06-20 13:00:00
175381,WB,400,2017-06-20 13:00:00
192731,WB,86,2017-06-20 13:15:00
192731,WB,1328,2017-06-20 13:15:00
192770,EB,58,2017-06-20 13:15:00
192771,WB,66,2017-06-20 13:15:00
65785,SB,0,2017-06-20 13:15:00
84439,SB,229,2017-06-20 13:15:00
137935,WB,411,2017-06-20 13:15:00
138592,NB,0,2017-06-20 13:15:00
172152,WB,0,2017-06-20 13:15:00
184079,EB,91,2017-06-20 13:15:00
184079,WB,73,2017-06-20 13:15:00
137934,EB,0,2017-06-20 13:15:00
192756,EB,92,2017-06-20 13:15:00
142785,SB,880,2017-06-20 13:15:00
142783,NB,877,2017-06-20 13:15:00
136512,EB,333,2017-06-20 13:15:00
136512,EB,493,2017-06-20 13:15:00
255311,NB,205,2017-06-20 13:15:00
255311,NB,139,2017-06-20 13:15:00
83890,EB,102,2017-06-20 13:15:00
177593,EB,59,2017-06-20 13:15:00
268582,SB,222,2017-06-20 13:15:00
84005,EB,6,2017-06-20 13:15:00
175381,WB,398,2017-06-20 13:15:00
192731,WB,94,2017-06-20 13:30:00
192731,WB,1365,2017-06-20 13:30:00
192770,EB,51,2017-06-20 13:30:00
192771,WB,73,2017-06-20 13:30:00
65785,SB,2,2017-06-20 13:30:00
84439,SB,264,2017-06-20 13:30:00
137935,WB,407,2017-06-20 13:30:00
138592,NB,0,2017-06-20 13:30:00
172152,WB,0,2017-06-20 13:30:00
184079,EB,90,2017-06-20 13:30:00
184079,WB,67,2017-06-20 13:30:00
137934,EB,0,2017-06-20 13:30:00
192756,EB,88,2017-06-20 13:30:00
142785,SB,931,2017-06-20 13:30:00
142783,NB,887,2017-06-20 13:30:00
136512,EB,318,2017-06-20 13:30:00
136512,EB,464,2017-06-20 13:30:00
255311,NB,217,2017-06-20 13:30:00
255311,NB,120,2017-06-20 13:30:00
83890,EB,114,2017-06-20 13:30:00
177593,EB,38,2017-06-20 13:30:00
268582,SB,286,2017-06-20 13:30:00
84005,EB,10,2017-06-20 13:30:00
175381,WB,400,2017-06-20 13:30:00
192731,WB,96,2017-06-20 13:45:00
192731,WB,1224,2017-06-20 13:45:00
192770,EB,53,2017-06-20 13:45:00
192771,WB,112,2017-06-20 13:45:00
65785,SB,0,2017-06-20 13:45:00
84439,SB,242,2017-06-20 13:45:00
137935,WB,392,2017-06-20 13:45:00
138592,NB,0,2017-06-20 13:45:00
172152,WB,0,2017-06-20 13:45:00
184079,EB,124,2017-06-20 13:45:00
184079,WB,75,2017-06-20 13:45:00
137934,EB,0,2017-06-20 13:45:00
192756,EB,127,2017-06-20 13:45:00
142785,SB,941,2017-06-20 13:45:00
142783,NB,920,2017-06-20 13:45:00
136512,EB,326,2017-06-20 13:45:00
136512,EB,439,2017-06-20 13:45:00
255311,NB,237,2017-06-20 13:45:00
255311,NB,150,2017-06-20 13:45:00
83890,EB,122,2017-06-20 13:45:00
177593,EB,40,2017-06-20 13:45:00
268582,SB,284,2017-06-20 13:45:00
84005,EB,7,2017-06-20 13:45:00
175381,WB,444,2017-06-20 13:45:00
192731,WB,93,2017-06-20 14:00:00
192731,WB,1265,2017-06-20 14:00:00
192770,EB,40,2017-06-20 14:00:00
192771,WB,114,2017-06-20 14:00:00
65785,SB,0,2017-06-20 14:00:00
84439,SB,242,2017-06-20 14:00:00
137935,WB,398,2017-06-20 14:00:00
138592,NB,0,2017-06-20 14:00:00
172152,WB,0,2017-06-20 14:00:00
184079,EB,124,2017-06-20 14:00:00
184079,WB,78,2017-06-20 14:00:00
137934,EB,0,2017-06-20 14:00:00
192756,EB,128,2017-06-20 14:00:00
142785,SB,900,2017-06-20 14:00:00
142783,NB,801,2017-06-20 14:00:00
136512,EB,329,2017-06-20 14:00:00
136512,EB,474,2017-06-20 14:00:00
255311,NB,217,2017-06-20 14:00:00
255311,NB,200,2017-06-20 14:00:00
83890,EB,108,2017-06-20 14:00:00
177593,EB,47,2017-06-20 14:00:00
268582,SB,222,2017-06-20 14:00:00
84005,EB,6,2017-06-20 14:00:00
175381,WB,440,2017-06-20 14:00:00
192731,WB,92,2017-06-20 14:15:00
192731,WB,1354,2017-06-20 14:15:00
192770,EB,58,2017-06-20 14:15:00
192771,WB,51,2017-06-20 14:15:00
65785,SB,0,2017-06-20 14:15:00
84439,SB,260,2017-06-20 14:15:00
137935,WB,379,2017-06-20 14:15:00
138592,NB,0,2017-06-20 14:15:00
172152,WB,0,2017-06-20 14:15:00
184079,EB,98,2017-06-20 14:15:00
184079,WB,83,2017-06-20 14:15:00
137934,EB,0,2017-06-20 14:15:00
192756,EB,138,2017-06-20 14:15:00
142785,SB,1015,2017-06-20 14:15:00
142783,NB,807,2017-06-20 14:15:00
136512,EB,323,2017-06-20 14:15:00
136512,EB,467,2017-06-20 14:15:00
255311,NB,314,2017-06-20 14:15:00
255311,NB,180,2017-06-20 14:15:00
83890,EB,126,2017-06-20 14:15:00
177593,EB,41,2017-06-20 14:15:00
268582,SB,125,2017-06-20 14:15:00
84005,EB,5,2017-06-20 14:15:00
175381,WB,406,2017-06-20 14:15:00
192731,WB,74,2017-06-20 14:30:00
192731,WB,1410,2017-06-20 14:30:00
192770,EB,80,2017-06-20 14:30:00
192771,WB,68,2017-06-20 14:30:00
65785,SB,0,2017-06-20 14:30:00
84439,SB,342,2017-06-20 14:30:00
137935,WB,412,2017-06-20 14:30:00
138592,NB,0,2017-06-20 14:30:00
172152,WB,0,2017-06-20 14:30:00
184079,EB,108,2017-06-20 14:30:00
184079,WB,88,2017-06-20 14:30:00
137934,EB,0,2017-06-20 14:30:00
192756,EB,150,2017-06-20 14:30:00
142785,SB,1126,2017-06-20 14:30:00
142783,NB,583,2017-06-20 14:30:00
136512,EB,319,2017-06-20 14:30:00
136512,EB,514,2017-06-20 14:30:00
255311,NB,330,2017-06-20 14:30:00
255311,NB,161,2017-06-20 14:30:00
83890,EB,140,2017-06-20 14:30:00
177593,EB,45,2017-06-20 14:30:00
268582,SB,112,2017-06-20 14:30:00
84005,EB,9,2017-06-20 14:30:00
175381,WB,366,2017-06-20 14:30:00
192731,WB,81,2017-06-20 14:45:00
192731,WB,1373,2017-06-20 14:45:00
192770,EB,95,2017-06-20 14:45:00
192771,WB,43,2017-06-20 14:45:00
65785,SB,0,2017-06-20 14:45:00
84439,SB,264,2017-06-20 14:45:00
137935,WB,452,2017-06-20 14:45:00
138592,NB,0,2017-06-20 14:45:00
172152,WB,0,2017-06-20 14:45:00
184079,EB,127,2017-06-20 14:45:00
184079,WB,83,2017-06-20 14:45:00
137934,EB,0,2017-06-20 14:45:00
192756,EB,177,2017-06-20 14:45:00
142785,SB,1139,2017-06-20 14:45:00
142783,NB,906,2017-06-20 14:45:00
136512,EB,330,2017-06-20 14:45:00
136512,EB,490,2017-06-20 14:45:00
255311,NB,358,2017-06-20 14:45:00
255311,NB,165,2017-06-20 14:45:00
83890,EB,149,2017-06-20 14:45:00
177593,EB,38,2017-06-20 14:45:00
268582,SB,239,2017-06-20 14:45:00
84005,EB,14,2017-06-20 14:45:00
175381,WB,347,2017-06-20 14:45:00
192731,WB,92,2017-06-20 15:00:00
192731,WB,1309,2017-06-20 15:00:00
192770,EB,113,2017-06-20 15:00:00
192771,WB,62,2017-06-20 15:00:00
65785,SB,0,2017-06-20 15:00:00
84439,SB,320,2017-06-20 15:00:00
137935,WB,453,2017-06-20 15:00:00
138592,NB,0,2017-06-20 15:00:00
172152,WB,0,2017-06-20 15:00:00
184079,EB,124,2017-06-20 15:00:00
184079,WB,100,2017-06-20 15:00:00
137934,EB,0,2017-06-20 15:00:00
192756,EB,196,2017-06-20 15:00:00
142785,SB,1107,2017-06-20 15:00:00
142783,NB,863,2017-06-20 15:00:00
136512,EB,336,2017-06-20 15:00:00
136512,EB,470,2017-06-20 15:00:00
255311,NB,305,2017-06-20 15:00:00
255311,NB,131,2017-06-20 15:00:00
83890,EB,134,2017-06-20 15:00:00
177593,EB,50,2017-06-20 15:00:00
268582,SB,263,2017-06-20 15:00:00
84005,EB,8,2017-06-20 15:00:00
175381,WB,399,2017-06-20 15:00:00
192731,WB,66,2017-06-20 15:15:00
192731,WB,1435,2017-06-20 15:15:00
192770,EB,142,2017-06-20 15:15:00
192771,WB,57,2017-06-20 15:15:00
65785,SB,0,2017-06-20 15:15:00
84439,SB,269,2017-06-20 15:15:00
137935,WB,444,2017-06-20 15:15:00
138592,NB,0,2017-06-20 15:15:00
172152,WB,0,2017-06-20 15:15:00
184079,EB,140,2017-06-20 15:15:00
184079,WB,94,2017-06-20 15:15:00
137934,EB,0,2017-06-20 15:15:00
192756,EB,203,2017-06-20 15:15:00
142785,SB,1154,2017-06-20 15:15:00
142783,NB,1047,2017-06-20 15:15:00
136512,EB,335,2017-06-20 15:15:00
136512,EB,497,2017-06-20 15:15:00
255311,NB,348,2017-06-20 15:15:00
255311,NB,122,2017-06-20 15:15:00
83890,EB,150,2017-06-20 15:15:00
177593,EB,50,2017-06-20 15:15:00
268582,SB,338,2017-06-20 15:15:00
84005,EB,9,2017-06-20 15:15:00
175381,WB,406,2017-06-20 15:15:00
192731,WB,78,2017-06-20 15:30:00
192731,WB,1458,2017-06-20 15:30:00
192770,EB,217,2017-06-20 15:30:00
192771,WB,59,2017-06-20 15:30:00
65785,SB,0,2017-06-20 15:30:00
84439,SB,296,2017-06-20 15:30:00
137935,WB,448,2017-06-20 15:30:00
138592,NB,0,2017-06-20 15:30:00
172152,WB,0,2017-06-20 15:30:00
184079,EB,134,2017-06-20 15:30:00
184079,WB,105,2017-06-20 15:30:00
137934,EB,0,2017-06-20 15:30:00
192756,EB,140,2017-06-20 15:30:00
142785,SB,1249,2017-06-20 15:30:00
142783,NB,1132,2017-06-20 15:30:00
136512,EB,325,2017-06-20 15:30:00
136512,EB,480,2017-06-20 15:30:00
255311,NB,328,2017-06-20 15:30:00
255311,NB,191,2017-06-20 15:30:00
83890,EB,151,2017-06-20 15:30:00
177593,EB,45,2017-06-20 15:30:00
268582,SB,366,2017-06-20 15:30:00
84005,EB,16,2017-06-20 15:30:00
175381,WB,406,2017-06-20 15:30:00
192731,WB,105,2017-06-20 15:45:00
192731,WB,1548,2017-06-20 15:45:00
192770,EB,241,2017-06-20 15:45:00
192771,WB,74,2017-06-20 15:45:00
65785,SB,0,2017-06-20 15:45:00
84439,SB,298,2017-06-20 15:45:00
137935,WB,429,2017-06-20 15:45:00
138592,NB,0,2017-06-20 15:45:00
172152,WB,0,2017-06-20 15:45:00
184079,EB,118,2017-06-20 15:45:00
184079,WB,105,2017-06-20 15:45:00
137934,EB,32,2017-06-20 15:45:00
192756,EB,182,2017-06-20 15:45:00
142785,SB,1157,2017-06-20 15:45:00
142783,NB,1134,2017-06-20 15:45:00
136512,EB,328,2017-06-20 15:45:00
136512,EB,462,2017-06-20 15:45:00
255311,NB,315,2017-06-20 15:45:00
255311,NB,182,2017-06-20 15:45:00
83890,EB,63,2017-06-20 15:45:00
177593,EB,30,2017-06-20 15:45:00
268582,SB,301,2017-06-20 15:45:00
84005,EB,7,2017-06-20 15:45:00
175381,WB,402,2017-06-20 15:45:00
192731,WB,108,2017-06-20 16:00:00
192731,WB,1515,2017-06-20 16:00:00
192770,EB,301,2017-06-20 16:00:00
192771,WB,77,2017-06-20 16:00:00
65785,SB,0,2017-06-20 16:00:00
84439,SB,311,2017-06-20 16:00:00
137935,WB,430,2017-06-20 16:00:00
138592,NB,0,2017-06-20 16:00:00
172152,WB,0,2017-06-20 16:00:00
184079,EB,173,2017-06-20 16:00:00
184079,WB,125,2017-06-20 16:00:00
137934,EB,45,2017-06-20 16:00:00
192756,EB,154,2017-06-20 16:00:00
142785,SB,1147,2017-06-20 16:00:00
142783,NB,1111,2017-06-20 16:00:00
136512,EB,329,2017-06-20 16:00:00
136512,EB,453,2017-06-20 16:00:00
255311,NB,288,2017-06-20 16:00:00
255311,NB,195,2017-06-20 16:00:00
83890,EB,44,2017-06-20 16:00:00
177593,EB,49,2017-06-20 16:00:00
268582,SB,355,2017-06-20 16:00:00
84005,EB,16,2017-06-20 16:00:00
175381,WB,416,2017-06-20 16:00:00
192731,WB,131,2017-06-20 16:15:00
192731,WB,1483,2017-06-20 16:15:00
192770,EB,311,2017-06-20 16:15:00
192771,WB,103,2017-06-20 16:15:00
65785,SB,0,2017-06-20 16:15:00
84439,SB,322,2017-06-20 16:15:00
137935,WB,425,2017-06-20 16:15:00
138592,NB,0,2017-06-20 16:15:00
172152,WB,0,2017-06-20 16:15:00
184079,EB,184,2017-06-20 16:15:00
184079,WB,111,2017-06-20 16:15:00
137934,EB,20,2017-06-20 16:15:00
192756,EB,164,2017-06-20 16:15:00
142785,SB,1215,2017-06-20 16:15:00
142783,NB,1185,2017-06-20 16:15:00
136512,EB,330,2017-06-20 16:15:00
136512,EB,416,2017-06-20 16:15:00
255311,NB,294,2017-06-20 16:15:00
255311,NB,209,2017-06-20 16:15:00
83890,EB,56,2017-06-20 16:15:00
177593,EB,46,2017-06-20 16:15:00
268582,SB,365,2017-06-20 16:15:00
84005,EB,10,2017-06-20 16:15:00
175381,WB,354,2017-06-20 16:15:00
192731,WB,210,2017-06-20 16:30:00
192731,WB,1097,2017-06-20 16:30:00
192770,EB,318,2017-06-20 16:30:00
192771,WB,121,2017-06-20 16:30:00
65785,SB,2,2017-06-20 16:30:00
84439,SB,276,2017-06-20 16:30:00
137935,WB,421,2017-06-20 16:30:00
138592,NB,0,2017-06-20 16:30:00
172152,WB,0,2017-06-20 16:30:00
184079,EB,197,2017-06-20 16:30:00
184079,WB,120,2017-06-20 16:30:00
137934,EB,28,2017-06-20 16:30:00
192756,EB,153,2017-06-20 16:30:00
142785,SB,1314,2017-06-20 16:30:00
142783,NB,1220,2017-06-20 16:30:00
136512,EB,335,2017-06-20 16:30:00
136512,EB,419,2017-06-20 16:30:00
255311,NB,295,2017-06-20 16:30:00
255311,NB,214,2017-06-20 16:30:00
83890,EB,122,2017-06-20 16:30:00
177593,EB,40,2017-06-20 16:30:00
268582,SB,350,2017-06-20 16:30:00
84005,EB,18,2017-06-20 16:30:00
175381,WB,395,2017-06-20 16:30:00
192731,WB,183,2017-06-20 16:45:00
192731,WB,791,2017-06-20 16:45:00
192770,EB,232,2017-06-20 16:45:00
192771,WB,206,2017-06-20 16:45:00
65785,SB,0,2017-06-20 16:45:00
84439,SB,292,2017-06-20 16:45:00
137935,WB,427,2017-06-20 16:45:00
138592,NB,0,2017-06-20 16:45:00
172152,WB,0,2017-06-20 16:45:00
184079,EB,196,2017-06-20 16:45:00
184079,WB,155,2017-06-20 16:45:00
137934,EB,17,2017-06-20 16:45:00
192756,EB,178,2017-06-20 16:45:00
142785,SB,1312,2017-06-20 16:45:00
142783,NB,1228,2017-06-20 16:45:00
136512,EB,332,2017-06-20 16:45:00
136512,EB,425,2017-06-20 16:45:00
255311,NB,282,2017-06-20 16:45:00
255311,NB,214,2017-06-20 16:45:00
83890,EB,126,2017-06-20 16:45:00
177593,EB,34,2017-06-20 16:45:00
268582,SB,310,2017-06-20 16:45:00
84005,EB,8,2017-06-20 16:45:00
175381,WB,380,2017-06-20 16:45:00
192731,WB,130,2017-06-20 17:00:00
192731,WB,739,2017-06-20 17:00:00
192770,EB,307,2017-06-20 17:00:00
192771,WB,263,2017-06-20 17:00:00
65785,SB,0,2017-06-20 17:00:00
84439,SB,329,2017-06-20 17:00:00
137935,WB,443,2017-06-20 17:00:00
138592,NB,0,2017-06-20 17:00:00
172152,WB,0,2017-06-20 17:00:00
184079,EB,186,2017-06-20 17:00:00
184079,WB,139,2017-06-20 17:00:00
137934,EB,24,2017-06-20 17:00:00
192756,EB,141,2017-06-20 17:00:00
142785,SB,1243,2017-06-20 17:00:00
142783,NB,1312,2017-06-20 17:00:00
136512,EB,301,2017-06-20 17:00:00
136512,EB,433,2017-06-20 17:00:00
255311,NB,295,2017-06-20 17:00:00
255311,NB,198,2017-06-20 17:00:00
83890,EB,126,2017-06-20 17:00:00
177593,EB,30,2017-06-20 17:00:00
268582,SB,350,2017-06-20 17:00:00
84005,EB,15,2017-06-20 17:00:00
175381,WB,387,2017-06-20 17:00:00
192731,WB,172,2017-06-20 17:15:00
192731,WB,1505,2017-06-20 17:15:00
192770,EB,318,2017-06-20 17:15:00
192771,WB,280,2017-06-20 17:15:00
65785,SB,0,2017-06-20 17:15:00
84439,SB,285,2017-06-20 17:15:00
137935,WB,441,2017-06-20 17:15:00
138592,NB,0,2017-06-20 17:15:00
172152,WB,0,2017-06-20 17:15:00
184079,EB,164,2017-06-20 17:15:00
184079,WB,131,2017-06-20 17:15:00
137934,EB,23,2017-06-20 17:15:00
192756,EB,135,2017-06-20 17:15:00
142785,SB,1266,2017-06-20 17:15:00
142783,NB,1281,2017-06-20 17:15:00
136512,EB,328,2017-06-20 17:15:00
136512,EB,449,2017-06-20 17:15:00
255311,NB,276,2017-06-20 17:15:00
255311,NB,197,2017-06-20 17:15:00
83890,EB,118,2017-06-20 17:15:00
177593,EB,31,2017-06-20 17:15:00
268582,SB,324,2017-06-20 17:15:00
84005,EB,18,2017-06-20 17:15:00
175381,WB,368,2017-06-20 17:15:00
192731,WB,199,2017-06-20 17:30:00
192731,WB,1244,2017-06-20 17:30:00
192770,EB,266,2017-06-20 17:30:00
192771,WB,284,2017-06-20 17:30:00
65785,SB,0,2017-06-20 17:30:00
84439,SB,261,2017-06-20 17:30:00
137935,WB,404,2017-06-20 17:30:00
138592,NB,0,2017-06-20 17:30:00
172152,WB,0,2017-06-20 17:30:00
184079,EB,144,2017-06-20 17:30:00
184079,WB,149,2017-06-20 17:30:00
137934,EB,67,2017-06-20 17:30:00
192756,EB,104,2017-06-20 17:30:00
142785,SB,1143,2017-06-20 17:30:00
142783,NB,1227,2017-06-20 17:30:00
136512,EB,324,2017-06-20 17:30:00
136512,EB,410,2017-06-20 17:30:00
255311,NB,277,2017-06-20 17:30:00
255311,NB,222,2017-06-20 17:30:00
83890,EB,105,2017-06-20 17:30:00
177593,EB,36,2017-06-20 17:30:00
268582,SB,294,2017-06-20 17:30:00
84005,EB,16,2017-06-20 17:30:00
175381,WB,386,2017-06-20 17:30:00
192731,WB,193,2017-06-20 17:45:00
192731,WB,1190,2017-06-20 17:45:00
192770,EB,289,2017-06-20 17:45:00
192771,WB,282,2017-06-20 17:45:00
65785,SB,0,2017-06-20 17:45:00
84439,SB,249,2017-06-20 17:45:00
137935,WB,421,2017-06-20 17:45:00
138592,NB,0,2017-06-20 17:45:00
172152,WB,0,2017-06-20 17:45:00
184079,EB,172,2017-06-20 17:45:00
184079,WB,154,2017-06-20 17:45:00
137934,EB,107,2017-06-20 17:45:00
192756,EB,115,2017-06-20 17:45:00
142785,SB,1257,2017-06-20 17:45:00
142783,NB,1310,2017-06-20 17:45:00
136512,EB,319,2017-06-20 17:45:00
136512,EB,347,2017-06-20 17:45:00
255311,NB,334,2017-06-20 17:45:00
255311,NB,215,2017-06-20 17:45:00
83890,EB,112,2017-06-20 17:45:00
177593,EB,21,2017-06-20 17:45:00
268582,SB,233,2017-06-20 17:45:00
84005,EB,16,2017-06-20 17:45:00
175381,WB,340,2017-06-20 17:45:00
192731,WB,152,2017-06-20 18:00:00
192731,WB,1099,2017-06-20 18:00:00
192770,EB,259,2017-06-20 18:00:00
192771,WB,251,2017-06-20 18:00:00
65785,SB,0,2017-06-20 18:00:00
84439,SB,276,2017-06-20 18:00:00
137935,WB,409,2017-06-20 18:00:00
138592,NB,0,2017-06-20 18:00:00
172152,WB,0,2017-06-20 18:00:00
184079,EB,164,2017-06-20 18:00:00
184079,WB,104,2017-06-20 18:00:00
137934,EB,104,2017-06-20 18:00:00
192756,EB,127,2017-06-20 18:00:00
142785,SB,1273,2017-06-20 18:00:00
142783,NB,1325,2017-06-20 18:00:00
136512,EB,326,2017-06-20 18:00:00
136512,EB,332,2017-06-20 18:00:00
255311,NB,307,2017-06-20 18:00:00
255311,NB,222,2017-06-20 18:00:00
83890,EB,116,2017-06-20 18:00:00
177593,EB,20,2017-06-20 18:00:00
268582,SB,265,2017-06-20 18:00:00
84005,EB,8,2017-06-20 18:00:00
175381,WB,338,2017-06-20 18:00:00
192731,WB,153,2017-06-20 18:15:00
192731,WB,1191,2017-06-20 18:15:00
192770,EB,259,2017-06-20 18:15:00
192771,WB,298,2017-06-20 18:15:00
65785,SB,0,2017-06-20 18:15:00
84439,SB,243,2017-06-20 18:15:00
137935,WB,407,2017-06-20 18:15:00
138592,NB,0,2017-06-20 18:15:00
172152,WB,0,2017-06-20 18:15:00
184079,EB,152,2017-06-20 18:15:00
184079,WB,96,2017-06-20 18:15:00
137934,EB,124,2017-06-20 18:15:00
192756,EB,94,2017-06-20 18:15:00
142785,SB,1128,2017-06-20 18:15:00
142783,NB,1271,2017-06-20 18:15:00
136512,EB,331,2017-06-20 18:15:00
136512,EB,345,2017-06-20 18:15:00
255311,NB,289,2017-06-20 18:15:00
255311,NB,188,2017-06-20 18:15:00
83890,EB,109,2017-06-20 18:15:00
177593,EB,15,2017-06-20 18:15:00
268582,SB,219,2017-06-20 18:15:00
84005,EB,7,2017-06-20 18:15:00
175381,WB,327,2017-06-20 18:15:00
192731,WB,136,2017-06-20 18:30:00
192731,WB,1196,2017-06-20 18:30:00
192770,EB,213,2017-06-20 18:30:00
192771,WB,265,2017-06-20 18:30:00
65785,SB,0,2017-06-20 18:30:00
84439,SB,227,2017-06-20 18:30:00
137935,WB,411,2017-06-20 18:30:00
138592,NB,0,2017-06-20 18:30:00
172152,WB,0,2017-06-20 18:30:00
184079,EB,217,2017-06-20 18:30:00
184079,WB,109,2017-06-20 18:30:00
137934,EB,138,2017-06-20 18:30:00
192756,EB,88,2017-06-20 18:30:00
142785,SB,1177,2017-06-20 18:30:00
142783,NB,1328,2017-06-20 18:30:00
136512,EB,280,2017-06-20 18:30:00
136512,EB,364,2017-06-20 18:30:00
255311,NB,274,2017-06-20 18:30:00
255311,NB,179,2017-06-20 18:30:00
83890,EB,102,2017-06-20 18:30:00
177593,EB,24,2017-06-20 18:30:00
268582,SB,225,2017-06-20 18:30:00
84005,EB,4,2017-06-20 18:30:00
175381,WB,350,2017-06-20 18:30:00
192731,WB,140,2017-06-20 18:45:00
192731,WB,1174,2017-06-20 18:45:00
192770,EB,170,2017-06-20 18:45:00
192771,WB,301,2017-06-20 18:45:00
65785,SB,0,2017-06-20 18:45:00
84439,SB,207,2017-06-20 18:45:00
137935,WB,417,2017-06-20 18:45:00
138592,NB,0,2017-06-20 18:45:00
172152,WB,0,2017-06-20 18:45:00
184079,EB,157,2017-06-20 18:45:00
184079,WB,100,2017-06-20 18:45:00
137934,EB,141,2017-06-20 18:45:00
192756,EB,110,2017-06-20 18:45:00
142785,SB,1109,2017-06-20 18:45:00
142783,NB,1384,2017-06-20 18:45:00
136512,EB,304,2017-06-20 18:45:00
136512,EB,326,2017-06-20 18:45:00
255311,NB,313,2017-06-20 18:45:00
255311,NB,175,2017-06-20 18:45:00
83890,EB,85,2017-06-20 18:45:00
177593,EB,22,2017-06-20 18:45:00
268582,SB,218,2017-06-20 18:45:00
84005,EB,3,2017-06-20 18:45:00
175381,WB,326,2017-06-20 18:45:00
192731,WB,164,2017-06-20 19:00:00
192731,WB,1267,2017-06-20 19:00:00
192770,EB,126,2017-06-20 19:00:00
192771,WB,232,2017-06-20 19:00:00
65785,SB,0,2017-06-20 19:00:00
84439,SB,219,2017-06-20 19:00:00
137935,WB,398,2017-06-20 19:00:00
138592,NB,0,2017-06-20 19:00:00
172152,WB,0,2017-06-20 19:00:00
184079,EB,109,2017-06-20 19:00:00
184079,WB,93,2017-06-20 19:00:00
137934,EB,114,2017-06-20 19:00:00
192756,EB,135,2017-06-20 19:00:00
142785,SB,1138,2017-06-20 19:00:00
142783,NB,1388,2017-06-20 19:00:00
136512,EB,340,2017-06-20 19:00:00
136512,EB,408,2017-06-20 19:00:00
255311,NB,298,2017-06-20 19:00:00
255311,NB,156,2017-06-20 19:00:00
83890,EB,80,2017-06-20 19:00:00
177593,EB,24,2017-06-20 19:00:00
268582,SB,201,2017-06-20 19:00:00
84005,EB,8,2017-06-20 19:00:00
175381,WB,355,2017-06-20 19:00:00
192731,WB,204,2017-06-20 19:15:00
192731,WB,1310,2017-06-20 19:15:00
192770,EB,61,2017-06-20 19:15:00
192771,WB,202,2017-06-20 19:15:00
65785,SB,0,2017-06-20 19:15:00
84439,SB,200,2017-06-20 19:15:00
137935,WB,404,2017-06-20 19:15:00
138592,NB,0,2017-06-20 19:15:00
172152,WB,0,2017-06-20 19:15:00
184079,EB,99,2017-06-20 19:15:00
184079,WB,100,2017-06-20 19:15:00
137934,EB,57,2017-06-20 19:15:00
192756,EB,132,2017-06-20 19:15:00
142785,SB,1212,2017-06-20 19:15:00
142783,NB,1348,2017-06-20 19:15:00
136512,EB,349,2017-06-20 19:15:00
136512,EB,403,2017-06-20 19:15:00
255311,NB,274,2017-06-20 19:15:00
255311,NB,171,2017-06-20 19:15:00
83890,EB,64,2017-06-20 19:15:00
177593,EB,22,2017-06-20 19:15:00
268582,SB,232,2017-06-20 19:15:00
84005,EB,6,2017-06-20 19:15:00
175381,WB,352,2017-06-20 19:15:00
192731,WB,159,2017-06-20 19:30:00
192731,WB,1223,2017-06-20 19:30:00
192770,EB,42,2017-06-20 19:30:00
192771,WB,72,2017-06-20 19:30:00
65785,SB,0,2017-06-20 19:30:00
84439,SB,177,2017-06-20 19:30:00
137935,WB,352,2017-06-20 19:30:00
138592,NB,0,2017-06-20 19:30:00
172152,WB,0,2017-06-20 19:30:00
184079,EB,74,2017-06-20 19:30:00
184079,WB,75,2017-06-20 19:30:00
137934,EB,3,2017-06-20 19:30:00
192756,EB,115,2017-06-20 19:30:00
142785,SB,1138,2017-06-20 19:30:00
142783,NB,1321,2017-06-20 19:30:00
136512,EB,287,2017-06-20 19:30:00
136512,EB,402,2017-06-20 19:30:00
255311,NB,237,2017-06-20 19:30:00
255311,NB,165,2017-06-20 19:30:00
83890,EB,63,2017-06-20 19:30:00
177593,EB,16,2017-06-20 19:30:00
268582,SB,227,2017-06-20 19:30:00
84005,EB,3,2017-06-20 19:30:00
175381,WB,374,2017-06-20 19:30:00
192731,WB,94,2017-06-20 19:45:00
192731,WB,1199,2017-06-20 19:45:00
192770,EB,44,2017-06-20 19:45:00
192771,WB,37,2017-06-20 19:45:00
65785,SB,2,2017-06-20 19:45:00
84439,SB,179,2017-06-20 19:45:00
137935,WB,252,2017-06-20 19:45:00
138592,NB,0,2017-06-20 19:45:00
172152,WB,0,2017-06-20 19:45:00
184079,EB,61,2017-06-20 19:45:00
184079,WB,56,2017-06-20 19:45:00
137934,EB,1,2017-06-20 19:45:00
192756,EB,121,2017-06-20 19:45:00
142785,SB,1106,2017-06-20 19:45:00
142783,NB,1281,2017-06-20 19:45:00
136512,EB,293,2017-06-20 19:45:00
136512,EB,370,2017-06-20 19:45:00
255311,NB,243,2017-06-20 19:45:00
255311,NB,154,2017-06-20 19:45:00
83890,EB,62,2017-06-20 19:45:00
177593,EB,12,2017-06-20 19:45:00
268582,SB,202,2017-06-20 19:45:00
84005,EB,1,2017-06-20 19:45:00
175381,WB,380,2017-06-20 19:45:00
192731,WB,71,2017-06-20 20:00:00
192731,WB,1197,2017-06-20 20:00:00
192770,EB,42,2017-06-20 20:00:00
192771,WB,41,2017-06-20 20:00:00
65785,SB,0,2017-06-20 20:00:00
84439,SB,206,2017-06-20 20:00:00
137935,WB,272,2017-06-20 20:00:00
138592,NB,0,2017-06-20 20:00:00
172152,WB,0,2017-06-20 20:00:00
184079,EB,38,2017-06-20 20:00:00
184079,WB,55,2017-06-20 20:00:00
137934,EB,1,2017-06-20 20:00:00
192756,EB,97,2017-06-20 20:00:00
142785,SB,993,2017-06-20 20:00:00
142783,NB,1045,2017-06-20 20:00:00
136512,EB,327,2017-06-20 20:00:00
136512,EB,400,2017-06-20 20:00:00
255311,NB,170,2017-06-20 20:00:00
255311,NB,153,2017-06-20 20:00:00
83890,EB,70,2017-06-20 20:00:00
177593,EB,19,2017-06-20 20:00:00
268582,SB,178,2017-06-20 20:00:00
84005,EB,7,2017-06-20 20:00:00
175381,WB,316,2017-06-20 20:00:00
192731,WB,84,2017-06-20 20:15:00
192731,WB,1201,2017-06-20 20:15:00
192770,EB,22,2017-06-20 20:15:00
192771,WB,39,2017-06-20 20:15:00
65785,SB,0,2017-06-20 20:15:00
84439,SB,192,2017-06-20 20:15:00
137935,WB,237,2017-06-20 20:15:00
138592,NB,0,2017-06-20 20:15:00
172152,WB,0,2017-06-20 20:15:00
184079,EB,29,2017-06-20 20:15:00
184079,WB,68,2017-06-20 20:15:00
137934,EB,0,2017-06-20 20:15:00
192756,EB,78,2017-06-20 20:15:00
142785,SB,972,2017-06-20 20:15:00
142783,NB,1112,2017-06-20 20:15:00
136512,EB,320,2017-06-20 20:15:00
136512,EB,411,2017-06-20 20:15:00
255311,NB,178,2017-06-20 20:15:00
255311,NB,120,2017-06-20 20:15:00
83890,EB,63,2017-06-20 20:15:00
177593,EB,18,2017-06-20 20:15:00
268582,SB,188,2017-06-20 20:15:00
84005,EB,2,2017-06-20 20:15:00
175381,WB,291,2017-06-20 20:15:00
192731,WB,44,2017-06-20 20:30:00
192731,WB,1231,2017-06-20 20:30:00
192770,EB,18,2017-06-20 20:30:00
192771,WB,23,2017-06-20 20:30:00
65785,SB,0,2017-06-20 20:30:00
84439,SB,199,2017-06-20 20:30:00
137935,WB,212,2017-06-20 20:30:00
138592,NB,0,2017-06-20 20:30:00
172152,WB,0,2017-06-20 20:30:00
184079,EB,37,2017-06-20 20:30:00
184079,WB,57,2017-06-20 20:30:00
137934,EB,0,2017-06-20 20:30:00
192756,EB,55,2017-06-20 20:30:00
142785,SB,916,2017-06-20 20:30:00
142783,NB,1218,2017-06-20 20:30:00
136512,EB,288,2017-06-20 20:30:00
136512,EB,388,2017-06-20 20:30:00
255311,NB,143,2017-06-20 20:30:00
255311,NB,152,2017-06-20 20:30:00
83890,EB,54,2017-06-20 20:30:00
177593,EB,28,2017-06-20 20:30:00
268582,SB,208,2017-06-20 20:30:00
84005,EB,1,2017-06-20 20:30:00
175381,WB,296,2017-06-20 20:30:00
192731,WB,68,2017-06-20 20:45:00
192731,WB,1153,2017-06-20 20:45:00
192770,EB,25,2017-06-20 20:45:00
192771,WB,20,2017-06-20 20:45:00
65785,SB,0,2017-06-20 20:45:00
84439,SB,182,2017-06-20 20:45:00
137935,WB,207,2017-06-20 20:45:00
138592,NB,0,2017-06-20 20:45:00
172152,WB,0,2017-06-20 20:45:00
184079,EB,36,2017-06-20 20:45:00
184079,WB,42,2017-06-20 20:45:00
137934,EB,0,2017-06-20 20:45:00
192756,EB,70,2017-06-20 20:45:00
142785,SB,742,2017-06-20 20:45:00
142783,NB,1036,2017-06-20 20:45:00
136512,EB,280,2017-06-20 20:45:00
136512,EB,337,2017-06-20 20:45:00
255311,NB,145,2017-06-20 20:45:00
255311,NB,142,2017-06-20 20:45:00
83890,EB,48,2017-06-20 20:45:00
177593,EB,18,2017-06-20 20:45:00
268582,SB,244,2017-06-20 20:45:00
84005,EB,2,2017-06-20 20:45:00
175381,WB,250,2017-06-20 20:45:00
192731,WB,61,2017-06-20 21:00:00
192731,WB,1178,2017-06-20 21:00:00
192770,EB,22,2017-06-20 21:00:00
192771,WB,20,2017-06-20 21:00:00
65785,SB,0,2017-06-20 21:00:00
84439,SB,226,2017-06-20 21:00:00
137935,WB,197,2017-06-20 21:00:00
138592,NB,0,2017-06-20 21:00:00
172152,WB,0,2017-06-20 21:00:00
184079,EB,28,2017-06-20 21:00:00
184079,WB,45,2017-06-20 21:00:00
137934,EB,0,2017-06-20 21:00:00
192756,EB,67,2017-06-20 21:00:00
142785,SB,803,2017-06-20 21:00:00
142783,NB,994,2017-06-20 21:00:00
136512,EB,106,2017-06-20 21:00:00
136512,EB,380,2017-06-20 21:00:00
255311,NB,152,2017-06-20 21:00:00
255311,NB,115,2017-06-20 21:00:00
83890,EB,47,2017-06-20 21:00:00
177593,EB,16,2017-06-20 21:00:00
268582,SB,173,2017-06-20 21:00:00
84005,EB,4,2017-06-20 21:00:00
175381,WB,266,2017-06-20 21:00:00
192731,WB,73,2017-06-20 21:15:00
192731,WB,1082,2017-06-20 21:15:00
192770,EB,17,2017-06-20 21:15:00
192771,WB,10,2017-06-20 21:15:00
65785,SB,0,2017-06-20 21:15:00
84439,SB,195,2017-06-20 21:15:00
137935,WB,204,2017-06-20 21:15:00
138592,NB,0,2017-06-20 21:15:00
172152,WB,0,2017-06-20 21:15:00
184079,EB,20,2017-06-20 21:15:00
184079,WB,35,2017-06-20 21:15:00
137934,EB,0,2017-06-20 21:15:00
192756,EB,41,2017-06-20 21:15:00
142785,SB,858,2017-06-20 21:15:00
142783,NB,968,2017-06-20 21:15:00
136512,EB,5,2017-06-20 21:15:00
136512,EB,456,2017-06-20 21:15:00
255311,NB,118,2017-06-20 21:15:00
255311,NB,121,2017-06-20 21:15:00
83890,EB,40,2017-06-20 21:15:00
177593,EB,9,2017-06-20 21:15:00
268582,SB,185,2017-06-20 21:15:00
84005,EB,2,2017-06-20 21:15:00
175381,WB,264,2017-06-20 21:15:00
192731,WB,65,2017-06-20 21:30:00
192731,WB,1147,2017-06-20 21:30:00
192770,EB,17,2017-06-20 21:30:00
192771,WB,13,2017-06-20 21:30:00
65785,SB,0,2017-06-20 21:30:00
84439,SB,190,2017-06-20 21:30:00
137935,WB,202,2017-06-20 21:30:00
138592,NB,0,2017-06-20 21:30:00
172152,WB,0,2017-06-20 21:30:00
184079,EB,23,2017-06-20 21:30:00
184079,WB,45,2017-06-20 21:30:00
137934,EB,0,2017-06-20 21:30:00
192756,EB,53,2017-06-20 21:30:00
142785,SB,792,2017-06-20 21:30:00
142783,NB,932,2017-06-20 21:30:00
136512,EB,7,2017-06-20 21:30:00
136512,EB,446,2017-06-20 21:30:00
255311,NB,107,2017-06-20 21:30:00
255311,NB,113,2017-06-20 21:30:00
83890,EB,36,2017-06-20 21:30:00
177593,EB,8,2017-06-20 21:30:00
268582,SB,190,2017-06-20 21:30:00
84005,EB,7,2017-06-20 21:30:00
175381,WB,272,2017-06-20 21:30:00
192731,WB,54,2017-06-20 21:45:00
192731,WB,1058,2017-06-20 21:45:00
192770,EB,17,2017-06-20 21:45:00
192771,WB,7,2017-06-20 21:45:00
65785,SB,0,2017-06-20 21:45:00
84439,SB,183,2017-06-20 21:45:00
137935,WB,199,2017-06-20 21:45:00
138592,NB,0,2017-06-20 21:45:00
172152,WB,0,2017-06-20 21:45:00
184079,EB,19,2017-06-20 21:45:00
184079,WB,29,2017-06-20 21:45:00
137934,EB,0,2017-06-20 21:45:00
192756,EB,43,2017-06-20 21:45:00
142785,SB,800,2017-06-20 21:45:00
142783,NB,941,2017-06-20 21:45:00
136512,EB,12,2017-06-20 21:45:00
136512,EB,430,2017-06-20 21:45:00
255311,NB,102,2017-06-20 21:45:00
255311,NB,107,2017-06-20 21:45:00
83890,EB,36,2017-06-20 21:45:00
177593,EB,4,2017-06-20 21:45:00
268582,SB,164,2017-06-20 21:45:00
84005,EB,2,2017-06-20 21:45:00
175381,WB,288,2017-06-20 21:45:00
192731,WB,49,2017-06-20 22:00:00
192731,WB,1108,2017-06-20 22:00:00
192770,EB,13,2017-06-20 22:00:00
192771,WB,11,2017-06-20 22:00:00
65785,SB,0,2017-06-20 22:00:00
84439,SB,193,2017-06-20 22:00:00
137935,WB,173,2017-06-20 22:00:00
138592,NB,0,2017-06-20 22:00:00
172152,WB,0,2017-06-20 22:00:00
184079,EB,47,2017-06-20 22:00:00
184079,WB,25,2017-06-20 22:00:00
137934,EB,2,2017-06-20 22:00:00
192756,EB,69,2017-06-20 22:00:00
142785,SB,796,2017-06-20 22:00:00
142783,NB,882,2017-06-20 22:00:00
136512,EB,7,2017-06-20 22:00:00
136512,EB,465,2017-06-20 22:00:00
255311,NB,89,2017-06-20 22:00:00
255311,NB,101,2017-06-20 22:00:00
83890,EB,33,2017-06-20 22:00:00
177593,EB,5,2017-06-20 22:00:00
268582,SB,159,2017-06-20 22:00:00
84005,EB,0,2017-06-20 22:00:00
175381,WB,281,2017-06-20 22:00:00
192731,WB,45,2017-06-20 22:15:00
192731,WB,1029,2017-06-20 22:15:00
192770,EB,18,2017-06-20 22:15:00
192771,WB,20,2017-06-20 22:15:00
65785,SB,0,2017-06-20 22:15:00
84439,SB,159,2017-06-20 22:15:00
137935,WB,167,2017-06-20 22:15:00
138592,NB,0,2017-06-20 22:15:00
172152,WB,0,2017-06-20 22:15:00
184079,EB,54,2017-06-20 22:15:00
184079,WB,20,2017-06-20 22:15:00
137934,EB,0,2017-06-20 22:15:00
192756,EB,49,2017-06-20 22:15:00
142785,SB,791,2017-06-20 22:15:00
142783,NB,799,2017-06-20 22:15:00
136512,EB,7,2017-06-20 22:15:00
136512,EB,468,2017-06-20 22:15:00
255311,NB,79,2017-06-20 22:15:00
255311,NB,99,2017-06-20 22:15:00
83890,EB,37,2017-06-20 22:15:00
177593,EB,6,2017-06-20 22:15:00
268582,SB,136,2017-06-20 22:15:00
84005,EB,0,2017-06-20 22:15:00
175381,WB,240,2017-06-20 22:15:00
192731,WB,33,2017-06-20 22:30:00
192731,WB,957,2017-06-20 22:30:00
192770,EB,13,2017-06-20 22:30:00
192771,WB,9,2017-06-20 22:30:00
65785,SB,0,2017-06-20 22:30:00
84439,SB,151,2017-06-20 22:30:00
137935,WB,131,2017-06-20 22:30:00
138592,NB,0,2017-06-20 22:30:00
172152,WB,0,2017-06-20 22:30:00
184079,EB,46,2017-06-20 22:30:00
184079,WB,15,2017-06-20 22:30:00
137934,EB,5,2017-06-20 22:30:00
192756,EB,51,2017-06-20 22:30:00
142785,SB,792,2017-06-20 22:30:00
142783,NB,875,2017-06-20 22:30:00
136512,EB,31,2017-06-20 22:30:00
136512,EB,429,2017-06-20 22:30:00
255311,NB,77,2017-06-20 22:30:00
255311,NB,96,2017-06-20 22:30:00
83890,EB,36,2017-06-20 22:30:00
177593,EB,5,2017-06-20 22:30:00
268582,SB,124,2017-06-20 22:30:00
84005,EB,2,2017-06-20 22:30:00
175381,WB,292,2017-06-20 22:30:00
192731,WB,31,2017-06-20 22:45:00
192731,WB,829,2017-06-20 22:45:00
192770,EB,11,2017-06-20 22:45:00
192771,WB,12,2017-06-20 22:45:00
65785,SB,0,2017-06-20 22:45:00
84439,SB,136,2017-06-20 22:45:00
137935,WB,107,2017-06-20 22:45:00
138592,NB,0,2017-06-20 22:45:00
172152,WB,0,2017-06-20 22:45:00
184079,EB,31,2017-06-20 22:45:00
184079,WB,9,2017-06-20 22:45:00
137934,EB,0,2017-06-20 22:45:00
192756,EB,31,2017-06-20 22:45:00
142785,SB,649,2017-06-20 22:45:00
142783,NB,879,2017-06-20 22:45:00
136512,EB,4,2017-06-20 22:45:00
136512,EB,426,2017-06-20 22:45:00
255311,NB,80,2017-06-20 22:45:00
255311,NB,98,2017-06-20 22:45:00
83890,EB,22,2017-06-20 22:45:00
177593,EB,12,2017-06-20 22:45:00
268582,SB,112,2017-06-20 22:45:00
84005,EB,2,2017-06-20 22:45:00
175381,WB,305,2017-06-20 22:45:00
192731,WB,24,2017-06-20 23:00:00
192731,WB,787,2017-06-20 23:00:00
192770,EB,7,2017-06-20 23:00:00
192771,WB,5,2017-06-20 23:00:00
65785,SB,0,2017-06-20 23:00:00
84439,SB,126,2017-06-20 23:00:00
137935,WB,100,2017-06-20 23:00:00
138592,NB,0,2017-06-20 23:00:00
172152,WB,0,2017-06-20 23:00:00
184079,EB,17,2017-06-20 23:00:00
184079,WB,13,2017-06-20 23:00:00
137934,EB,11,2017-06-20 23:00:00
192756,EB,23,2017-06-20 23:00:00
142785,SB,707,2017-06-20 23:00:00
142783,NB,705,2017-06-20 23:00:00
136512,EB,8,2017-06-20 23:00:00
136512,EB,443,2017-06-20 23:00:00
255311,NB,75,2017-06-20 23:00:00
255311,NB,97,2017-06-20 23:00:00
83890,EB,30,2017-06-20 23:00:00
177593,EB,8,2017-06-20 23:00:00
268582,SB,156,2017-06-20 23:00:00
84005,EB,1,2017-06-20 23:00:00
175381,WB,262,2017-06-20 23:00:00
192731,WB,26,2017-06-20 23:15:00
192731,WB,748,2017-06-20 23:15:00
192770,EB,9,2017-06-20 23:15:00
192771,WB,10,2017-06-20 23:15:00
65785,SB,0,2017-06-20 23:15:00
84439,SB,131,2017-06-20 23:15:00
137935,WB,106,2017-06-20 23:15:00
138592,NB,0,2017-06-20 23:15:00
172152,WB,0,2017-06-20 23:15:00
184079,EB,14,2017-06-20 23:15:00
184079,WB,14,2017-06-20 23:15:00
137934,EB,1,2017-06-20 23:15:00
192756,EB,19,2017-06-20 23:15:00
142785,SB,627,2017-06-20 23:15:00
142783,NB,690,2017-06-20 23:15:00
136512,EB,7,2017-06-20 23:15:00
136512,EB,403,2017-06-20 23:15:00
255311,NB,73,2017-06-20 23:15:00
255311,NB,84,2017-06-20 23:15:00
83890,EB,28,2017-06-20 23:15:00
177593,EB,3,2017-06-20 23:15:00
268582,SB,142,2017-06-20 23:15:00
84005,EB,3,2017-06-20 23:15:00
175381,WB,271,2017-06-20 23:15:00
192731,WB,16,2017-06-20 23:30:00
192731,WB,614,2017-06-20 23:30:00
192770,EB,4,2017-06-20 23:30:00
192771,WB,6,2017-06-20 23:30:00
65785,SB,0,2017-06-20 23:30:00
84439,SB,114,2017-06-20 23:30:00
137935,WB,110,2017-06-20 23:30:00
138592,NB,0,2017-06-20 23:30:00
172152,WB,0,2017-06-20 23:30:00
184079,EB,8,2017-06-20 23:30:00
184079,WB,14,2017-06-20 23:30:00
137934,EB,0,2017-06-20 23:30:00
192756,EB,19,2017-06-20 23:30:00
142785,SB,558,2017-06-20 23:30:00
142783,NB,640,2017-06-20 23:30:00
136512,EB,8,2017-06-20 23:30:00
136512,EB,387,2017-06-20 23:30:00
255311,NB,81,2017-06-20 23:30:00
255311,NB,63,2017-06-20 23:30:00
83890,EB,32,2017-06-20 23:30:00
177593,EB,10,2017-06-20 23:30:00
268582,SB,135,2017-06-20 23:30:00
84005,EB,4,2017-06-20 23:30:00
175381,WB,234,2017-06-20 23:30:00
192731,WB,20,2017-06-20 23:45:00
192731,WB,479,2017-06-20 23:45:00
192770,EB,5,2017-06-20 23:45:00
192771,WB,3,2017-06-20 23:45:00
65785,SB,0,2017-06-20 23:45:00
84439,SB,110,2017-06-20 23:45:00
137935,WB,82,2017-06-20 23:45:00
138592,NB,0,2017-06-20 23:45:00
172152,WB,0,2017-06-20 23:45:00
184079,EB,13,2017-06-20 23:45:00
184079,WB,5,2017-06-20 23:45:00
137934,EB,0,2017-06-20 23:45:00
192756,EB,11,2017-06-20 23:45:00
142785,SB,480,2017-06-20 23:45:00
142783,NB,674,2017-06-20 23:45:00
136512,EB,7,2017-06-20 23:45:00
136512,EB,387,2017-06-20 23:45:00
255311,NB,46,2017-06-20 23:45:00
255311,NB,53,2017-06-20 23:45:00
83890,EB,25,2017-06-20 23:45:00
177593,EB,9,2017-06-20 23:45:00
268582,SB,166,2017-06-20 23:45:00
84005,EB,8,2017-06-20 23:45:00
175381,WB,174,2017-06-20 23:45:00
192731,WB,13,2017-06-21 00:00:00
192731,WB,428,2017-06-21 00:00:00
192770,EB,3,2017-06-21 00:00:00
192771,WB,4,2017-06-21 00:00:00
65785,SB,0,2017-06-21 00:00:00
84439,SB,187,2017-06-21 00:00:00
137935,WB,72,2017-06-21 00:00:00
138592,NB,0,2017-06-21 00:00:00
172152,WB,0,2017-06-21 00:00:00
184079,EB,19,2017-06-21 00:00:00
184079,WB,3,2017-06-21 00:00:00
137934,EB,1,2017-06-21 00:00:00
192756,EB,7,2017-06-21 00:00:00
142785,SB,373,2017-06-21 00:00:00
142783,NB,566,2017-06-21 00:00:00
136512,EB,7,2017-06-21 00:00:00
136512,EB,391,2017-06-21 00:00:00
255311,NB,59,2017-06-21 00:00:00
255311,NB,56,2017-06-21 00:00:00
83890,EB,17,2017-06-21 00:00:00
177593,EB,4,2017-06-21 00:00:00
268582,SB,146,2017-06-21 00:00:00
84005,EB,0,2017-06-21 00:00:00
175381,WB,171,2017-06-21 00:00:00
